day,profit,cycles
2019-12-19 00:00:00+01:00,18.150001525878903,0.0
2021-07-27 00:00:00+02:00,176.4824309878574,0.0
2020-12-13 00:00:00+01:00,10.838899040222168,0.0
2020-01-21 00:00:00+01:00,17.191601181030272,0.0
2020-10-11 00:00:00+02:00,27.855244903724525,0.0
2021-05-30 00:00:00+02:00,106.10487527655826,0.0
2020-09-23 00:00:00+02:00,54.74646389626301,0.0
2021-05-05 00:00:00+02:00,237.73492899119017,0.0
2020-05-17 00:00:00+02:00,0.5720994758605951,0.0
2020-09-10 00:00:00+02:00,30.05999755859375,0.0
2019-11-24 00:00:00+01:00,25.189201087951655,0.0
2019-04-20 00:00:00+02:00,7.333400001525881,0.0
2019-11-30 00:00:00+01:00,41.21443994124636,0.0
2020-11-15 00:00:00+01:00,50.78039500228712,0.0
2020-10-13 00:00:00+02:00,36.720303459167475,0.0
2021-12-28 00:00:00+01:00,105.9348046875,0.0
2021-09-03 00:00:00+02:00,111.12109801581752,0.0
2019-03-27 00:00:00+01:00,10.975600509643556,0.0
2020-07-04 00:00:00+02:00,116.58079983302916,0.0
2019-03-31 00:00:00+01:00,2.345198955535885,0.0
2021-05-20 00:00:00+02:00,122.09520938264082,0.0
2021-04-30 00:00:00+02:00,68.36705564927684,0.0
2020-08-08 00:00:00+02:00,47.44271188327373,0.0
2019-11-09 00:00:00+01:00,5.8899993896484375,0.0
2020-10-08 00:00:00+02:00,26.790000915527344,0.0
2021-12-17 00:00:00+01:00,282.9259056145137,0.0
2021-04-17 00:00:00+02:00,71.9746491959788,0.0
2021-08-24 00:00:00+02:00,153.32930453593792,0.0
2019-03-25 00:00:00+01:00,17.5,0.0
2020-12-31 00:00:00+01:00,14.88319885253906,0.0
2019-04-09 00:00:00+02:00,31.9494987726788,0.0
2020-01-03 00:00:00+01:00,25.281800242662428,0.0
2021-09-25 00:00:00+02:00,250.8593788713912,0.0
2021-01-02 00:00:00+01:00,11.980299949645987,0.0
2020-09-15 00:00:00+02:00,369.6441171856884,0.0
2019-05-28 00:00:00+02:00,66.60749272729859,0.0
2019-08-24 00:00:00+02:00,47.257853125785815,0.0
2021-04-12 00:00:00+02:00,151.65552481533456,0.0
2021-02-12 00:00:00+01:00,104.25142570790094,0.0
2021-10-24 00:00:00+02:00,146.81144754518198,0.0
2020-06-09 00:00:00+02:00,60.929449518842425,0.0
2021-06-02 00:00:00+02:00,53.4293398189393,0.0
2021-01-03 00:00:00+01:00,6.820800857543945,0.0
2020-07-20 00:00:00+02:00,24.92725345969271,0.0
2019-08-02 00:00:00+02:00,9.849098472595216,0.0
2019-10-01 00:00:00+02:00,20.88719867706299,0.0
2019-08-18 00:00:00+02:00,1.8406015777587776,0.0
2020-07-24 00:00:00+02:00,12.177300529479982,0.0
2021-10-01 00:00:00+02:00,353.74420200930183,0.0
2021-05-11 00:00:00+02:00,114.28071865732642,0.0
2021-04-06 00:00:00+02:00,248.29697565209764,0.0
2021-12-17 00:00:00+01:00,230.17765417137144,0.0
2021-03-02 00:00:00+01:00,88.71902747132907,0.0
2020-04-01 00:00:00+02:00,56.876563259407874,0.0
2020-06-13 00:00:00+02:00,1.033000125885014,0.0
2021-02-25 00:00:00+01:00,87.6955931917672,0.0
2020-08-11 00:00:00+02:00,37.64073186604705,0.0
2019-05-02 00:00:00+02:00,39.240339856458064,0.0
2021-02-08 00:00:00+01:00,184.64551685035147,0.0
2019-05-17 00:00:00+02:00,28.502225377392115,0.0
2021-10-14 00:00:00+02:00,270.2414013567996,0.0
2019-11-02 00:00:00+01:00,72.52045424040136,0.0
2020-07-27 00:00:00+02:00,11.19880004882812,0.0
2021-04-27 00:00:00+02:00,124.20799185937516,0.0
2020-02-09 00:00:00+01:00,-12.373600209429858,0.0
2020-07-24 00:00:00+02:00,40.106771955431206,0.0
2019-08-20 00:00:00+02:00,16.622901172637935,0.0
2021-06-21 00:00:00+02:00,94.74912830902062,0.0
2019-03-13 00:00:00+01:00,82.33382413052499,0.0
2021-06-27 00:00:00+02:00,179.77257218849857,0.0
2019-03-04 00:00:00+01:00,-6.696200096011161,0.0
2021-10-02 00:00:00+02:00,145.11166287179952,0.0
2021-07-04 00:00:00+02:00,2.1411012268066596,0.0
2021-01-18 00:00:00+01:00,93.15691628770688,0.0
2019-10-05 00:00:00+02:00,11.56999969482422,0.0
2021-11-25 00:00:00+01:00,415.72274197831536,0.0
2021-11-05 00:00:00+01:00,191.87654376475984,0.0
2019-10-21 00:00:00+02:00,25.316299133300777,0.0
2021-07-21 00:00:00+02:00,88.72247340653996,0.0
2019-04-12 00:00:00+02:00,21.408502082824704,0.0
2020-12-06 00:00:00+01:00,72.88713424426601,0.0
2020-10-11 00:00:00+02:00,54.061895935840234,0.0
2020-02-01 00:00:00+01:00,16.639999866485596,0.0
2019-04-13 00:00:00+02:00,5.409498977661137,0.0
2019-05-04 00:00:00+02:00,8.859100303649893,0.0
2020-10-01 00:00:00+02:00,55.71958398719521,0.0
2019-10-17 00:00:00+02:00,27.689998626708984,0.0
2021-04-30 00:00:00+02:00,68.95093793277076,0.0
2020-03-15 00:00:00+01:00,-5.923299864977598,0.0
2020-08-17 00:00:00+02:00,15.97339986801148,0.0
2020-09-21 00:00:00+02:00,207.0408722011979,0.0
2021-12-26 00:00:00+01:00,262.967865158531,0.0
2020-02-18 00:00:00+01:00,23.234299955368037,0.0
2020-08-24 00:00:00+02:00,25.990001678466797,0.0
2021-10-03 00:00:00+02:00,7.861200017929077,0.0
2020-09-04 00:00:00+02:00,42.58657986361755,0.0
2019-03-16 00:00:00+01:00,34.8266003370285,0.0
2020-05-21 00:00:00+02:00,0.5241000556945776,0.0
2021-01-22 00:00:00+01:00,199.3628969447156,0.0
2020-02-19 00:00:00+01:00,38.219794784048354,0.0
2020-06-20 00:00:00+02:00,1.9539989280700685,0.0
2021-10-23 00:00:00+02:00,305.1319731329981,0.0
2020-10-30 00:00:00+01:00,27.796000900268552,0.0
2020-12-12 00:00:00+01:00,16.218700103759755,0.0
2019-12-11 00:00:00+01:00,41.72750152230263,0.0
2019-11-19 00:00:00+01:00,17.700000762939453,0.0
2019-04-10 00:00:00+02:00,14.300799942016596,0.0
2020-11-07 00:00:00+01:00,4.427801284790043,0.0
2019-01-30 00:00:00+01:00,24.24199699401855,0.0
2019-12-18 00:00:00+01:00,18.1299991607666,0.0
2021-10-28 00:00:00+02:00,177.57223710747553,0.0
2021-09-16 00:00:00+02:00,239.67907288481803,0.0
2020-05-20 00:00:00+02:00,28.246000785827636,0.0
2021-11-28 00:00:00+01:00,188.20049067786215,0.0
2021-04-29 00:00:00+02:00,91.381212569547,0.0
2020-08-07 00:00:00+02:00,103.49126064535818,0.0
2021-08-25 00:00:00+02:00,52.06860441131977,0.0
2019-07-28 00:00:00+02:00,3.8550003051757855,0.0
2021-03-20 00:00:00+01:00,78.83332794440773,0.0
2019-07-08 00:00:00+02:00,47.036205326032686,0.0
2021-02-04 00:00:00+01:00,23.739899959564212,0.0
2019-11-06 00:00:00+01:00,84.64798159175305,0.0
2021-04-23 00:00:00+02:00,70.51306003572337,0.0
2019-09-26 00:00:00+02:00,15.619998931884766,0.0
2021-08-22 00:00:00+02:00,5.684504089355468,0.0
2021-09-17 00:00:00+02:00,135.69414598960745,0.0
2021-11-17 00:00:00+01:00,179.83566894397288,0.0
2021-02-06 00:00:00+01:00,8.193900604248043,0.0
2020-11-03 00:00:00+01:00,14.49310089111328,0.0
2021-10-07 00:00:00+02:00,449.5163475135291,0.0
2021-06-06 00:00:00+02:00,3.7732999038696127,0.0
2021-02-03 00:00:00+01:00,53.83190268007421,0.0
2021-12-19 00:00:00+01:00,450.74082250371424,0.0
2019-11-17 00:00:00+01:00,5.360301322937015,0.0
2019-07-19 00:00:00+02:00,14.99729984283448,0.0
2019-03-04 00:00:00+01:00,40.36449912413955,0.0
2020-12-25 00:00:00+01:00,109.4010504466214,0.0
2019-01-05 00:00:00+01:00,27.479997634887695,0.0
2019-01-16 00:00:00+01:00,21.265902290344236,0.0
2021-01-13 00:00:00+01:00,91.04081566495768,0.0
2021-09-21 00:00:00+02:00,120.09038654519256,0.0
2020-05-11 00:00:00+02:00,51.1228668512416,0.0
2021-06-30 00:00:00+02:00,126.66331130714023,0.0
2019-01-11 00:00:00+01:00,16.60739734649659,0.0
2020-02-04 00:00:00+01:00,19.338599529266354,0.0
2021-01-15 00:00:00+01:00,44.74340255737305,0.0
2020-03-03 00:00:00+01:00,50.13083966290368,0.0
2020-06-20 00:00:00+02:00,39.50157805728497,0.0
2021-07-28 00:00:00+02:00,86.65523069369665,0.0
2021-08-13 00:00:00+02:00,83.3960922770314,0.0
2019-07-18 00:00:00+02:00,11.987299690246587,0.0
2020-11-10 00:00:00+01:00,21.38000106811523,0.0
2019-12-07 00:00:00+01:00,46.07080096654594,0.0
2021-04-13 00:00:00+02:00,161.41894375952091,0.0
2019-08-22 00:00:00+02:00,38.453428912238074,0.0
2021-09-16 00:00:00+02:00,205.09375337883245,0.0
2019-02-27 00:00:00+01:00,14.264398880004885,0.0
2020-03-27 00:00:00+01:00,3.449799900054933,0.0
2019-06-22 00:00:00+02:00,1.4304997444152825,0.0
2019-08-14 00:00:00+02:00,20.68469776153565,0.0
2019-06-10 00:00:00+02:00,3.0272997474670476,0.0
2019-01-23 00:00:00+01:00,39.80010147094728,0.0
2020-12-24 00:00:00+01:00,95.16439942429832,0.0
2020-04-24 00:00:00+02:00,6.437199134826661,0.0
2020-06-05 00:00:00+02:00,16.981500101089477,0.0
2019-08-08 00:00:00+02:00,12.656999454498283,0.0
2020-01-25 00:00:00+01:00,12.2570012664795,0.0
2021-12-05 00:00:00+01:00,256.586245599039,0.0
2020-03-18 00:00:00+01:00,63.43245434512627,0.0
2021-08-21 00:00:00+02:00,78.95414518413693,0.0
2020-05-02 00:00:00+02:00,2.863500127792358,0.0
2019-09-27 00:00:00+02:00,27.46374098990792,0.0
2019-04-17 00:00:00+02:00,32.33502665025834,0.0
2020-12-12 00:00:00+01:00,15.85629989624023,0.0
2019-12-02 00:00:00+01:00,9.73769954681396,0.0
2021-04-16 00:00:00+02:00,100.30396725210686,0.0
2021-12-25 00:00:00+01:00,231.46988933184312,0.0
2020-04-23 00:00:00+02:00,13.36429954528809,0.0
2019-09-07 00:00:00+02:00,10.7041989326477,0.0
2020-02-25 00:00:00+01:00,21.85620038032532,0.0
2020-11-22 00:00:00+01:00,14.601098861694336,0.0
2021-07-10 00:00:00+02:00,68.41811188884705,0.0
2019-08-06 00:00:00+02:00,8.426899185180673,0.0
2019-02-02 00:00:00+01:00,12.31999969482422,0.0
2019-07-24 00:00:00+02:00,19.014699745178227,0.0
2021-05-19 00:00:00+02:00,74.01041981967175,0.0
2021-05-26 00:00:00+02:00,33.14959571838379,0.0
2020-08-24 00:00:00+02:00,21.896998977661134,0.0
2019-07-28 00:00:00+02:00,4.053999233245854,0.0
2021-03-03 00:00:00+01:00,97.22179451896343,0.0
2019-08-26 00:00:00+02:00,29.006900711059572,0.0
2021-07-14 00:00:00+02:00,36.25430213928223,0.0
2021-06-07 00:00:00+02:00,140.8593273049557,0.0
2020-09-19 00:00:00+02:00,6.8517980194091805,0.0
2020-12-21 00:00:00+01:00,52.78853182737026,0.0
2020-06-19 00:00:00+02:00,39.21576884435295,0.0
2019-11-17 00:00:00+01:00,5.950000762939453,0.0
2020-03-11 00:00:00+01:00,35.24149819731713,0.0
2021-03-07 00:00:00+01:00,-3.929297752380368,0.0
2020-04-02 00:00:00+02:00,71.48308052945146,0.0
2020-01-31 00:00:00+01:00,42.00599974632263,0.0
2021-11-20 00:00:00+01:00,141.91464322430073,0.0
2019-10-01 00:00:00+02:00,56.78341661206861,0.0
2019-09-06 00:00:00+02:00,12.954499492645262,0.0
2020-03-23 00:00:00+01:00,13.419700088500974,0.0
2020-02-27 00:00:00+01:00,19.157597866058353,0.0
2020-04-26 00:00:00+02:00,-6.567100181579594,0.0
2020-06-26 00:00:00+02:00,14.526801242828371,0.0
2021-01-17 00:00:00+01:00,6.785301933288562,0.0
2021-04-22 00:00:00+02:00,166.09161814717092,0.0
2019-05-04 00:00:00+02:00,5.52779750823975,0.0
2020-03-25 00:00:00+01:00,58.34257865895232,0.0
2020-11-12 00:00:00+01:00,15.634698371887204,0.0
2019-03-14 00:00:00+01:00,41.916728805694504,0.0
2020-10-22 00:00:00+02:00,67.94629664099641,0.0
2021-08-13 00:00:00+02:00,109.22075079671768,0.0
2019-03-15 00:00:00+01:00,26.383701095581053,0.0
2021-08-02 00:00:00+02:00,134.74543015001385,0.0
2020-12-11 00:00:00+01:00,22.15999984741211,0.0
2019-07-10 00:00:00+02:00,47.19630460503613,0.0
2021-10-22 00:00:00+02:00,212.6492895811184,0.0
2019-02-24 00:00:00+01:00,2.5683003997802807,0.0
2021-06-02 00:00:00+02:00,68.35510921071543,0.0
2021-03-04 00:00:00+01:00,28.90532224672663,0.0
2019-07-16 00:00:00+02:00,47.38685477462178,0.0
2020-01-11 00:00:00+01:00,27.26413359946451,0.0
2019-05-06 00:00:00+02:00,14.978600654602047,0.0
2021-09-12 00:00:00+02:00,8.473999786376966,0.0
2021-11-15 00:00:00+01:00,243.9198493294038,0.0
2019-01-12 00:00:00+01:00,2.6974989318847733,0.0
2020-11-24 00:00:00+01:00,18.587800712585448,0.0
2019-07-25 00:00:00+02:00,15.891700096130371,0.0
2019-12-24 00:00:00+01:00,35.661199197769164,0.0
2019-12-04 00:00:00+01:00,68.84701816401127,0.0
2019-01-12 00:00:00+01:00,2.4235995864868203,0.0
2021-07-24 00:00:00+02:00,-44.991501007080096,0.0
2019-05-23 00:00:00+02:00,10.181700706481934,0.0
2019-09-25 00:00:00+02:00,38.433804342432126,0.0
2019-09-02 00:00:00+02:00,24.01899982452391,0.0
2021-02-08 00:00:00+01:00,167.636358927785,0.0
2020-02-12 00:00:00+01:00,24.957899511009455,0.0
2021-10-27 00:00:00+02:00,388.018683907842,0.0
2021-10-14 00:00:00+02:00,241.4260772050929,0.0
2021-01-02 00:00:00+01:00,11.980299949645987,0.0
2019-05-28 00:00:00+02:00,54.29158401001989,0.0
2020-01-30 00:00:00+01:00,10.755799140930176,0.0
2019-01-31 00:00:00+01:00,30.984596748352047,0.0
2021-12-17 00:00:00+01:00,252.81968096093183,0.0
2020-07-03 00:00:00+02:00,16.879898452758788,0.0
2020-06-02 00:00:00+02:00,111.10132241933908,0.0
2021-07-30 00:00:00+02:00,196.61941465362344,0.0
2020-06-19 00:00:00+02:00,31.315739304780703,0.0
2019-08-03 00:00:00+02:00,1.3155022430419905,0.0
2019-08-25 00:00:00+02:00,3.150099620819101,0.0
2020-08-19 00:00:00+02:00,33.395851758614384,0.0
2021-09-08 00:00:00+02:00,114.13611658013296,0.0
2020-07-03 00:00:00+02:00,62.269373170143695,0.0
2020-03-11 00:00:00+01:00,34.19010045707226,0.0
2021-06-12 00:00:00+02:00,139.7507351964498,0.0
2020-07-11 00:00:00+02:00,-3.437999267578135,0.0
2021-02-26 00:00:00+01:00,75.77920683912075,0.0
2020-07-02 00:00:00+02:00,47.973473803110295,0.0
2021-07-21 00:00:00+02:00,85.52182120992862,0.0
2021-03-26 00:00:00+01:00,99.6195770548496,0.0
2021-07-03 00:00:00+02:00,89.89538429278767,0.0
2019-10-22 00:00:00+02:00,51.00131608175374,0.0
2021-08-23 00:00:00+02:00,44.08735748562991,0.0
2019-12-10 00:00:00+01:00,41.597748844216866,0.0
2019-02-15 00:00:00+01:00,21.540000915527344,0.0
2020-01-08 00:00:00+01:00,32.21409958973527,0.0
2020-06-05 00:00:00+02:00,109.72666342519744,0.0
2021-01-15 00:00:00+01:00,129.41046369804283,0.0
2019-01-30 00:00:00+01:00,20.291000709533687,0.0
2021-04-07 00:00:00+02:00,103.97499110762092,0.0
2019-12-29 00:00:00+01:00,42.10781756788873,0.0
2020-01-03 00:00:00+01:00,28.28810056209564,0.0
2019-12-01 00:00:00+01:00,7.0052003097534215,0.0
2019-04-20 00:00:00+02:00,8.593398323059084,0.0
2019-07-17 00:00:00+02:00,37.73585215143977,0.0
2021-03-30 00:00:00+02:00,29.164801216125483,0.0
2019-05-25 00:00:00+02:00,4.247001113891605,0.0
2021-10-12 00:00:00+02:00,286.50902444184624,0.0
2019-07-17 00:00:00+02:00,39.762988080293965,0.0
2019-12-28 00:00:00+01:00,7.079999923706055,0.0
2020-08-19 00:00:00+02:00,30.398184991362942,0.0
2020-01-01 00:00:00+01:00,0.143200740814211,0.0
2021-08-23 00:00:00+02:00,65.82484134888234,0.0
2019-04-15 00:00:00+02:00,66.5861172583341,0.0
2021-01-25 00:00:00+01:00,92.7074473277574,0.0
2019-12-29 00:00:00+01:00,42.83044222657688,0.0
2019-07-04 00:00:00+02:00,11.015602111816412,0.0
2019-09-27 00:00:00+02:00,20.44010093688965,0.0
2020-03-07 00:00:00+01:00,10.59000015258789,0.0
2020-11-16 00:00:00+01:00,39.023300362527365,0.0
2020-05-17 00:00:00+02:00,-4.720899937152863,0.0
2021-09-05 00:00:00+02:00,111.27816903371551,0.0
2019-01-12 00:00:00+01:00,-30.690800514221184,0.0
2020-07-11 00:00:00+02:00,34.79040932612825,0.0
2019-11-23 00:00:00+01:00,3.970001220703125,0.0
2019-07-24 00:00:00+02:00,17.5990007019043,0.0
2020-05-10 00:00:00+02:00,-2.357299900054933,0.0
2020-08-10 00:00:00+02:00,75.90984626297383,0.0
2019-05-08 00:00:00+02:00,10.59530014038086,0.0
2021-04-20 00:00:00+02:00,36.19520324707033,0.0
2019-11-28 00:00:00+01:00,24.3994005393982,0.0
2020-09-27 00:00:00+02:00,63.46210596962626,0.0
2020-05-29 00:00:00+02:00,47.930360492477874,0.0
2019-10-27 00:00:00+02:00,154.03734124144688,0.0
2019-11-19 00:00:00+01:00,17.364300689697263,0.0
2020-09-22 00:00:00+02:00,31.515196647644046,0.0
2020-10-20 00:00:00+02:00,73.87147071718975,0.0
2019-09-22 00:00:00+02:00,13.922438421586016,0.0
2020-12-04 00:00:00+01:00,-17.51960165023803,0.0
2021-02-01 00:00:00+01:00,95.37133267128767,0.0
2020-11-07 00:00:00+01:00,5.556800651550292,0.0
2019-02-01 00:00:00+01:00,14.555301933288575,0.0
2020-10-16 00:00:00+02:00,59.06342260730819,0.0
2021-03-04 00:00:00+01:00,47.91570281056475,0.0
2021-07-19 00:00:00+02:00,102.77203997867096,0.0
2019-05-14 00:00:00+02:00,77.98313402485567,0.0
2021-03-15 00:00:00+01:00,76.19548394802013,0.0
2021-10-12 00:00:00+02:00,268.80018581879574,0.0
2021-05-16 00:00:00+02:00,189.8828245170171,0.0
2019-05-15 00:00:00+02:00,20.689998626708984,0.0
2021-11-10 00:00:00+01:00,223.12425360117933,0.0
2020-01-16 00:00:00+01:00,17.527500610351563,0.0
2019-02-21 00:00:00+01:00,14.657598571777342,0.0
2020-12-21 00:00:00+01:00,51.08632228712599,0.0
2020-02-28 00:00:00+01:00,18.20810075759887,0.0
2019-02-14 00:00:00+01:00,18.16490127563477,0.0
2021-10-13 00:00:00+02:00,188.7819046387416,0.0
2019-04-09 00:00:00+02:00,11.341200866699218,0.0
2020-05-07 00:00:00+02:00,6.338800716400147,0.0
2021-01-12 00:00:00+01:00,68.58558996267455,0.0
2019-06-15 00:00:00+02:00,5.593600006103512,0.0
2019-02-11 00:00:00+01:00,43.36350067049264,0.0
2020-06-03 00:00:00+02:00,37.13169701652048,0.0
2021-11-10 00:00:00+01:00,269.77890894130707,0.0
2021-09-25 00:00:00+02:00,207.1359131644742,0.0
2020-09-16 00:00:00+02:00,64.06214641896909,0.0
2020-08-28 00:00:00+02:00,19.170000076293945,0.0
2021-07-13 00:00:00+02:00,29.050003051757812,0.0
2019-08-22 00:00:00+02:00,11.786099567413338,0.0
2020-04-11 00:00:00+02:00,91.78557914611729,0.0
2020-03-03 00:00:00+01:00,20.55999755859375,0.0
2020-10-30 00:00:00+01:00,28.184801082611084,0.0
2020-10-02 00:00:00+02:00,12.965699386596684,0.0
2019-10-03 00:00:00+02:00,74.31655718022822,0.0
2019-07-25 00:00:00+02:00,77.56447682491122,0.0
2019-02-01 00:00:00+01:00,10.039997100830078,0.0
2021-09-20 00:00:00+02:00,175.45023084975725,0.0
2021-09-12 00:00:00+02:00,10.652702636718754,0.0
2020-07-26 00:00:00+02:00,145.55774057031502,0.0
2019-04-22 00:00:00+02:00,40.32609847068785,0.0
2021-06-15 00:00:00+02:00,84.36600106725383,0.0
2020-10-18 00:00:00+02:00,2.2949005126953175,0.0
2020-04-11 00:00:00+02:00,3.303000431060791,0.0
2021-06-24 00:00:00+02:00,86.56295903059444,0.0
2019-03-12 00:00:00+01:00,17.334600410461427,0.0
2020-11-22 00:00:00+01:00,14.67369926452637,0.0
2019-12-02 00:00:00+01:00,62.895107635187834,0.0
2021-03-26 00:00:00+01:00,81.08538645994744,0.0
2020-12-05 00:00:00+01:00,14.337498168945316,0.0
2020-02-23 00:00:00+01:00,153.82479103499378,0.0
2020-08-07 00:00:00+02:00,10.56060050964355,0.0
2021-04-20 00:00:00+02:00,29.087703170776365,0.0
2021-04-28 00:00:00+02:00,110.16989892666705,0.0
2020-05-07 00:00:00+02:00,6.338800716400147,0.0
2020-12-02 00:00:00+01:00,284.5988552519843,0.0
2021-09-26 00:00:00+02:00,229.8866607496919,0.0
2020-03-05 00:00:00+01:00,19.201498775482182,0.0
2019-10-09 00:00:00+02:00,25.737301197052,0.0
2019-03-24 00:00:00+01:00,1.0145003128051755,0.0
2019-10-04 00:00:00+02:00,57.00712544938406,0.0
2020-01-04 00:00:00+01:00,120.11367096069046,0.0
2019-01-04 00:00:00+01:00,8.520000457763672,0.0
2020-05-28 00:00:00+02:00,52.47368195103875,0.0
2020-04-29 00:00:00+02:00,13.136599311828617,0.0
2021-06-09 00:00:00+02:00,63.50925554733466,0.0
2021-11-22 00:00:00+01:00,349.19726211908795,0.0
2019-03-13 00:00:00+01:00,36.46289954323321,0.0
2021-03-04 00:00:00+01:00,39.46428325424745,0.0
2021-10-05 00:00:00+02:00,212.16007020610456,0.0
2021-08-11 00:00:00+02:00,46.61199600219726,0.0
2019-01-11 00:00:00+01:00,15.192601890563964,0.0
2019-08-11 00:00:00+02:00,-1.485599861145019,0.0
2019-10-24 00:00:00+02:00,24.09000015258789,0.0
2019-11-02 00:00:00+01:00,64.91314855200227,0.0
2021-09-09 00:00:00+02:00,288.0055262898294,0.0
2019-08-05 00:00:00+02:00,20.630900497436528,0.0
2020-04-21 00:00:00+02:00,15.42639956176281,0.0
2021-12-05 00:00:00+01:00,300.81790958723036,0.0
2019-01-13 00:00:00+01:00,67.62690771698628,0.0
2021-11-06 00:00:00+01:00,227.5879663474699,0.0
2021-09-30 00:00:00+02:00,301.3627071181479,0.0
2020-04-23 00:00:00+02:00,23.09229944229126,0.0
2019-06-27 00:00:00+02:00,16.399997787475584,0.0
2019-06-24 00:00:00+02:00,19.322499465942386,0.0
2019-09-16 00:00:00+02:00,18.700000762939453,0.0
2020-10-08 00:00:00+02:00,27.152599945068363,0.0
2020-05-07 00:00:00+02:00,58.059685358243506,0.0
2020-12-22 00:00:00+01:00,54.087501525431875,0.0
2019-08-21 00:00:00+02:00,35.479202232360834,0.0
2021-07-26 00:00:00+02:00,68.8491506708848,0.0
2020-11-03 00:00:00+01:00,74.02813220097119,0.0
2020-07-17 00:00:00+02:00,11.423101348876951,0.0
2020-04-06 00:00:00+02:00,36.38670164823532,0.0
2019-09-02 00:00:00+02:00,35.81889905929566,0.0
2021-11-25 00:00:00+01:00,77.94329101562502,0.0
2021-12-29 00:00:00+01:00,277.82367603808177,0.0
2019-05-06 00:00:00+02:00,67.88652600597374,0.0
2019-02-26 00:00:00+01:00,21.277198066711428,0.0
2020-08-06 00:00:00+02:00,26.13300050735474,0.0
2019-12-23 00:00:00+01:00,42.06830067813395,0.0
2019-10-29 00:00:00+01:00,27.21999740600586,0.0
2021-05-22 00:00:00+02:00,251.1072221770169,0.0
2019-09-10 00:00:00+02:00,17.020000457763672,0.0
2020-04-16 00:00:00+02:00,32.203599567413335,0.0
2020-12-22 00:00:00+01:00,242.29788792513008,0.0
2020-03-13 00:00:00+01:00,35.510000228881836,0.0
2021-11-19 00:00:00+01:00,127.41009857177735,0.0
2019-09-07 00:00:00+02:00,15.679198341369633,0.0
2021-06-28 00:00:00+02:00,41.91900314331053,0.0
2020-05-16 00:00:00+02:00,12.578099861145017,0.0
2019-12-30 00:00:00+01:00,33.50080026268959,0.0
2020-10-27 00:00:00+01:00,16.80920066833496,0.0
2020-05-13 00:00:00+02:00,7.870000839233398,0.0
2019-03-14 00:00:00+01:00,18.760000228881836,0.0
