execution_time,side,quantity,price,product,profit
2020-12-17 13:00:00+01:00,buy,1.0,50.75,2020-12-18 07:00:00+01:00,-12.6875
2020-12-17 13:00:00+01:00,buy,1.0,50.75,2020-12-18 07:15:00+01:00,-12.6875
2020-12-17 13:00:00+01:00,buy,1.0,50.75,2020-12-18 07:30:00+01:00,-12.6875
2020-12-17 13:00:00+01:00,buy,1.0,50.75,2020-12-18 07:45:00+01:00,-12.6875
2020-12-17 16:00:00+01:00,sell,1.0,36.842363636363636,2020-12-18 13:45:00+01:00,9.210590909090909
2020-12-17 18:00:00+01:00,buy,0.3133109281375393,31.031034482758624,2020-12-18 05:00:00+01:00,-2.4305905537152728
2020-12-17 18:00:00+01:00,sell,1.0,48.1095083152567,2020-12-18 14:00:00+01:00,12.027377078814174
2020-12-17 18:00:00+01:00,sell,1.0,47.569669172932336,2020-12-18 14:15:00+01:00,11.892417293233084
2020-12-17 18:00:00+01:00,sell,0.7094473981982834,40.14191082802547,2020-12-18 19:00:00+01:00,7.119643548912543
2020-12-17 22:30:00+01:00,buy,1.0,30.24266435986159,2020-12-18 00:45:00+01:00,-7.560666089965397
2020-12-17 22:30:00+01:00,buy,1.0,30.559620991253645,2020-12-18 01:30:00+01:00,-7.639905247813411
2020-12-17 22:30:00+01:00,buy,1.0,27.122142857142858,2020-12-18 01:45:00+01:00,-6.7805357142857146
2020-12-17 22:30:00+01:00,buy,1.0,19.620408163265306,2020-12-18 06:00:00+01:00,-4.905102040816327
2020-12-17 22:30:00+01:00,sell,1.0,32.66935294117647,2020-12-18 07:00:00+01:00,8.167338235294118
2020-12-17 22:30:00+01:00,sell,1.0,43.57870415647921,2020-12-18 07:15:00+01:00,10.894676039119803
2020-12-17 22:30:00+01:00,sell,1.0,56.279105691056905,2020-12-18 07:30:00+01:00,14.069776422764226
2020-12-17 22:30:00+01:00,sell,1.0,61.00953125000001,2020-12-18 07:45:00+01:00,15.252382812500002
2020-12-17 22:45:00+01:00,sell,1.0,32.20680351906158,2020-12-18 00:45:00+01:00,8.051700879765395
2020-12-17 22:45:00+01:00,buy,1.0,28.35,2020-12-18 03:00:00+01:00,-7.0875
2020-12-17 23:15:00+01:00,buy,1.0,27.36688343558282,2020-12-18 00:45:00+01:00,-6.841720858895705
2020-12-17 23:15:00+01:00,sell,1.0,27.689200000000003,2020-12-18 01:30:00+01:00,6.922300000000001
2020-12-17 23:15:00+01:00,sell,1.0,27.664382022471912,2020-12-18 03:00:00+01:00,6.916095505617978
2020-12-17 23:15:00+01:00,buy,1.0,26.813374233128833,2020-12-18 03:15:00+01:00,-6.703343558282208
2020-12-17 23:30:00+01:00,buy,1.0,12.9465,2020-12-18 00:00:00+01:00,-3.236625
2020-12-17 23:30:00+01:00,sell,1.0,27.52258687258687,2020-12-18 03:15:00+01:00,6.880646718146718
2020-12-17 23:45:00+01:00,sell,1.0,43.115198522622336,2020-12-18 00:00:00+01:00,10.778799630655584
2020-12-17 23:45:00+01:00,buy,0.31331092813753625,26.101917098445593,2020-12-18 00:30:00+01:00,-2.044503968070754
2020-12-17 23:45:00+01:00,buy,1.0,25.97120603015076,2020-12-18 02:15:00+01:00,-6.49280150753769
2020-12-17 23:45:00+01:00,sell,0.3133109281375393,28.736666666666665,2020-12-18 05:00:00+01:00,2.250877926228105
2020-12-18 00:00:00+01:00,buy,1.0,25.890183823529412,2020-12-18 01:30:00+01:00,-6.472545955882353
2020-12-18 00:00:00+01:00,sell,1.0,27.160962962962962,2020-12-18 02:15:00+01:00,6.790240740740741
2020-12-18 00:15:00+01:00,buy,0.6866890718624638,21.161115044247786,2020-12-18 00:30:00+01:00,-3.6327766123273326
2020-12-18 00:15:00+01:00,sell,0.6866890718624638,25.55240331491713,2020-12-18 00:45:00+01:00,4.3866390290439465
2020-12-18 00:15:00+01:00,sell,1.0,26.88773550724638,2020-12-18 01:30:00+01:00,6.721933876811595
2020-12-18 00:15:00+01:00,buy,1.0,24.450714285714287,2020-12-18 03:00:00+01:00,-6.112678571428572
2020-12-18 00:30:00+01:00,buy,0.6866890718624639,22.1453476821192,2020-12-18 00:45:00+01:00,-3.8017420614765
2020-12-18 00:30:00+01:00,sell,0.6866890718624608,24.671307692307685,2020-12-18 03:00:00+01:00,4.235379345215988
2020-12-18 00:45:00+01:00,sell,2.9531932455029164e-14,27.59547619047619,2020-12-18 03:00:00+01:00,2.037369347303771e-13
2020-12-18 01:00:00+01:00,sell,0.7094473981982822,42.58061497326203,2020-12-18 01:15:00+01:00,7.552176626615891
2020-12-18 01:00:00+01:00,sell,0.6866890718624638,27.59114599686028,2020-12-18 01:45:00+01:00,4.736634609051429
2020-12-18 01:00:00+01:00,buy,0.6866890718624903,25.91833333333334,2020-12-18 03:00:00+01:00,-4.449459065222329
2020-12-18 01:00:00+01:00,buy,0.7094473981982834,41.79673076923076,2020-12-18 19:00:00+01:00,-7.4131454743562255
2020-12-18 01:15:00+01:00,sell,0.31331092813753625,35.953928944618596,2020-12-18 01:45:00+01:00,2.8161897119573704
2020-12-18 01:15:00+01:00,sell,0.686689071862464,24.183984771573602,2020-12-18 03:00:00+01:00,4.15171951418196
2020-12-18 01:15:00+01:00,buy,1.0,23.96162348877375,2020-12-18 04:00:00+01:00,-5.9904058721934375
2020-12-18 01:45:00+01:00,sell,0.31331092813753614,28.377660098522167,2020-12-18 03:00:00+01:00,2.222757755959876
2020-12-18 01:45:00+01:00,buy,0.31331092813753625,26.52421052631579,2020-12-18 05:00:00+01:00,-2.077581254528852
2020-12-18 02:00:00+01:00,buy,0.31331092813753625,21.475293072824154,2020-12-18 03:00:00+01:00,-1.6821110011680347
2020-12-18 02:00:00+01:00,sell,0.3133109281375363,26.61364341085271,2020-12-18 05:00:00+01:00,2.0845863295439226
2020-12-18 02:15:00+01:00,buy,0.6866890718624639,4.504279661016947,2020-12-18 03:00:00+01:00,-0.7732599049581752
2020-12-18 02:15:00+01:00,sell,0.6866890718625033,23.043549618320615,2020-12-18 04:00:00+01:00,3.955938424955531
2020-12-18 02:30:00+01:00,buy,0.31331092813753625,16.46451467268623,2020-12-18 03:15:00+01:00,-1.2896280933583517
2020-12-18 02:30:00+01:00,sell,0.3133109281374967,22.531726027397262,2020-12-18 04:00:00+01:00,1.764858998545907
2020-12-18 02:45:00+01:00,sell,0.31331092813753614,26.411963190184046,2020-12-18 03:15:00+01:00,2.0687891752627507
2020-12-18 02:45:00+01:00,buy,0.31331092813753625,22.407330960854093,2020-12-18 04:00:00+01:00,-1.755115415107537
2020-12-18 03:00:00+01:00,buy,0.31331092813753225,17.367047353760448,2020-12-18 03:15:00+01:00,-1.36032143135379
2020-12-18 03:00:00+01:00,sell,0.31331092813753614,19.214014466546114,2020-12-18 04:00:00+01:00,1.5049901764404023
2020-12-18 03:45:00+01:00,buy,1.0,-17.97247191011236,2020-12-18 04:00:00+01:00,4.49311797752809
2020-12-18 03:45:00+01:00,sell,1.0,-10.384230769230768,2020-12-18 06:00:00+01:00,-2.596057692307692
2020-12-18 05:30:00+01:00,sell,1.0,54.18213991769547,2020-12-18 08:30:00+01:00,13.545534979423868
2020-12-18 05:30:00+01:00,sell,1.0,53.39796019900497,2020-12-18 09:00:00+01:00,13.349490049751243
2020-12-18 05:30:00+01:00,buy,1.0,35.878865979381445,2020-12-18 14:00:00+01:00,-8.969716494845361
2020-12-18 05:30:00+01:00,buy,1.0,38.08086956521739,2020-12-18 14:15:00+01:00,-9.520217391304348
2020-12-18 06:15:00+01:00,sell,1.0,54.08955261937877,2020-12-18 06:45:00+01:00,13.522388154844693
2020-12-18 06:15:00+01:00,buy,1.0,50.974675516224195,2020-12-18 08:30:00+01:00,-12.743668879056049
2020-12-18 06:30:00+01:00,buy,1.0,52.78811264822134,2020-12-18 06:45:00+01:00,-13.197028162055336
2020-12-18 06:30:00+01:00,sell,1.0,55.940760571114765,2020-12-18 07:15:00+01:00,13.985190142778691
2020-12-18 06:45:00+01:00,sell,1.0,61.47134429599178,2020-12-18 07:30:00+01:00,15.367836073997944
2020-12-18 06:45:00+01:00,buy,1.0,32.47660516605166,2020-12-18 13:45:00+01:00,-8.119151291512916
2020-12-18 07:00:00+01:00,buy,1.0,35.510924630924634,2020-12-18 07:15:00+01:00,-8.877731157731159
2020-12-18 07:00:00+01:00,buy,1.0,41.14259756877799,2020-12-18 07:30:00+01:00,-10.285649392194497
2020-12-18 07:00:00+01:00,sell,1.0,50.79848802395209,2020-12-18 08:30:00+01:00,12.699622005988022
2020-12-18 07:00:00+01:00,sell,1.0,53.03938242280284,2020-12-18 10:00:00+01:00,13.25984560570071
2020-12-18 07:45:00+01:00,buy,1.0,40.06755808205636,2020-12-18 08:30:00+01:00,-10.01688952051409
2020-12-18 07:45:00+01:00,sell,1.0,46.038333333333334,2020-12-18 10:15:00+01:00,11.509583333333333
2020-12-18 08:15:00+01:00,buy,1.0,47.92007849293564,2020-12-18 10:15:00+01:00,-11.98001962323391
2020-12-18 08:15:00+01:00,sell,1.0,51.10207468879668,2020-12-18 14:45:00+01:00,12.77551867219917
2020-12-18 08:30:00+01:00,buy,1.0,47.520106100795765,2020-12-18 09:00:00+01:00,-11.880026525198941
2020-12-18 08:30:00+01:00,sell,1.0,48.16329575596817,2020-12-18 09:15:00+01:00,12.040823938992043
2020-12-18 09:00:00+01:00,buy,1.0,43.811849148418496,2020-12-18 09:15:00+01:00,-10.952962287104624
2020-12-18 09:00:00+01:00,sell,1.0,57.27863354037267,2020-12-18 20:00:00+01:00,14.319658385093167
2020-12-18 09:45:00+01:00,buy,1.0,46.21503139717425,2020-12-18 10:00:00+01:00,-11.553757849293563
2020-12-18 09:45:00+01:00,sell,1.0,48.77681159420291,2020-12-18 17:45:00+01:00,12.194202898550728
2020-12-18 10:30:00+01:00,buy,1.0,50.05551724137931,2020-12-18 14:45:00+01:00,-12.513879310344828
2020-12-18 10:30:00+01:00,sell,1.0,51.91725609756098,2020-12-18 16:45:00+01:00,12.979314024390245
2020-12-18 11:00:00+01:00,sell,1.0,52.153779264214045,2020-12-18 14:45:00+01:00,13.038444816053511
2020-12-18 11:00:00+01:00,buy,1.0,51.2764935064935,2020-12-18 16:45:00+01:00,-12.819123376623375
2020-12-18 11:15:00+01:00,sell,1.0,50.31918478260869,2020-12-18 15:45:00+01:00,12.579796195652172
2020-12-18 11:15:00+01:00,buy,1.0,46.744438775510204,2020-12-18 17:45:00+01:00,-11.686109693877551
2020-12-18 14:00:00+01:00,sell,1.0,56.85135821669257,2020-12-18 14:30:00+01:00,14.212839554173142
2020-12-18 14:00:00+01:00,buy,1.0,53.56791891891892,2020-12-18 20:00:00+01:00,-13.39197972972973
2020-12-18 14:45:00+01:00,buy,1.0,56.51950113378686,2020-12-18 15:45:00+01:00,-14.129875283446715
2020-12-18 14:45:00+01:00,sell,1.0,58.0303761755486,2020-12-18 20:00:00+01:00,14.50759404388715
2020-12-18 16:15:00+01:00,sell,1.0,51.169179019384266,2020-12-18 19:00:00+01:00,12.792294754846067
2020-12-18 16:15:00+01:00,buy,1.0,50.26798097251586,2020-12-18 20:00:00+01:00,-12.566995243128964
2020-12-18 16:30:00+01:00,buy,1.0,48.82341836734693,2020-12-18 19:00:00+01:00,-12.205854591836733
2020-12-18 16:30:00+01:00,sell,1.0,51.93895316804406,2020-12-18 20:00:00+01:00,12.984738292011015
2020-12-18 17:00:00+01:00,sell,1.0,54.98333333333334,2020-12-18 19:00:00+01:00,13.745833333333335
2020-12-18 17:00:00+01:00,buy,1.0,54.10257201646088,2020-12-18 20:00:00+01:00,-13.52564300411522
2020-12-18 17:15:00+01:00,buy,0.9999999999999998,51.04346341463415,2020-12-18 19:00:00+01:00,-12.760865853658533
2020-12-18 17:15:00+01:00,sell,1.0,53.277411167512696,2020-12-18 20:00:00+01:00,13.319352791878174
2020-12-18 17:45:00+01:00,buy,1.0,45.20504754358162,2020-12-18 20:00:00+01:00,-11.301261885895405
2020-12-18 17:45:00+01:00,sell,1.0,53.38091463414634,2020-12-18 22:00:00+01:00,13.345228658536586
2020-12-18 18:30:00+01:00,sell,1.0,48.85824561403509,2020-12-18 20:00:00+01:00,12.214561403508773
2020-12-18 18:30:00+01:00,buy,1.0,44.28724705882353,2020-12-18 22:00:00+01:00,-11.071811764705883
2020-12-18 19:00:00+01:00,buy,1.0,45.56271691498686,2020-12-18 20:00:00+01:00,-11.390679228746714
2020-12-18 19:00:00+01:00,sell,1.0,46.5048275862069,2020-12-18 21:00:00+01:00,11.626206896551725
2020-12-18 19:15:00+01:00,buy,1.0,44.847251461988314,2020-12-18 21:00:00+01:00,-11.211812865497079
2020-12-18 19:15:00+01:00,sell,1.0,46.46342222222223,2020-12-18 23:00:00+01:00,11.615855555555557
2020-12-18 20:15:00+01:00,sell,1.0,51.792598844957794,2020-12-18 21:00:00+01:00,12.948149711239449
2020-12-18 20:15:00+01:00,buy,1.0,50.71943419434194,2020-12-18 23:00:00+01:00,-12.679858548585486
