day,combo_id,profit
2019-01-01,0,61.75913275205823
2019-01-01,1,60.593526056470054
2019-01-01,2,80.21499142939754
2019-01-01,3,69.70894551359473
2019-01-01,4,68.21108763356074
2019-01-01,5,63.334927408733044
2019-01-01,6,70.79409950018895
2019-01-01,7,85.63220994179873
2019-01-01,8,90.60453488362522
2019-01-01,9,93.70253673836663
2019-01-01,10,66.54525363998113
2019-01-01,11,55.333194934910715
2019-01-01,12,67.13176531933746
2019-01-01,13,54.02181068397439
2019-01-01,14,45.76597867204785
2019-01-01,15,46.90756475922346
2019-01-01,16,75.27604589843011
2019-01-01,17,67.76000612913413
2019-01-01,18,61.55662118956172
2019-01-01,19,61.60956376037908
2019-01-01,20,59.88073072255217
2019-01-01,21,67.12216912732774
2019-01-01,22,59.69903576413561
2019-01-01,23,60.974210147845994
2019-01-01,24,42.17450335909693
2019-01-01,25,38.54560253007124
2019-01-01,26,52.83973453693425
2019-01-01,27,47.8570795411627
2019-01-01,28,50.38948899585397
2019-01-01,29,43.4525661145413
2019-01-01,30,46.02136119147881
2019-01-01,31,52.883281451650056
2019-01-01,32,53.192173520858226
2019-01-01,33,55.1531688835287
2019-01-01,34,55.76026532046315
2019-01-01,35,46.64777273946419
2019-01-01,36,58.21775128152007
2019-01-01,37,57.58712182006376
2019-01-01,38,51.70158529162993
2019-01-01,39,58.16537949322444
2019-01-01,40,58.261015063348204
2019-01-01,41,51.3156893012377
2019-01-01,42,57.46101289990915
2019-01-01,43,45.27045598298856
2019-01-01,44,56.97585669502316
2019-01-01,45,42.816218204764
2019-01-01,46,45.253710621823046
2019-01-01,47,37.37999583448307
2019-01-01,48,51.67412784134608
2019-01-01,49,46.69147284557452
2019-01-01,50,49.2238823002658
2019-01-01,51,42.28695941895311
2019-01-01,52,44.855754495890636
2019-01-01,53,51.71767475606188
2019-01-01,54,52.02656682527005
2019-01-01,55,53.98756218794052
2019-01-01,56,54.59465862487497
2019-01-01,57,45.482166043876006
2019-01-01,58,57.0521445859319
2019-01-01,59,56.42151512447559
2019-01-01,60,50.535978596041765
2019-01-01,61,56.99977279763627
2019-01-01,62,57.09540836776004
2019-01-01,63,50.150082605649516
2019-01-01,64,56.29540620432098
2019-01-01,65,44.10484928740038
2019-01-01,66,55.810249999434994
2019-01-01,67,41.6506115091758
2019-01-01,68,60.44514079242677
2019-01-01,69,74.74831187092505
2019-01-01,70,69.75661780351825
2019-01-01,71,72.34907946253732
2019-01-01,72,65.35210437689683
2019-01-01,73,67.9299385254696
2019-01-01,74,74.78281971400564
2019-01-01,75,75.09171178321375
2019-01-01,76,77.05270714588427
2019-01-01,77,77.65980358281871
2019-01-01,78,68.54731100181971
2019-01-01,79,80.11728954387566
2019-01-01,80,79.48666008241933
2019-01-01,81,73.6011235539855
2019-01-01,82,80.06491775558
2019-01-01,83,80.16055332570373
2019-01-01,84,73.21522756359325
2019-01-01,85,79.36055116226473
2019-01-01,86,67.1699942453441
2019-01-01,87,78.87539495737872
2019-01-01,88,64.71575646711952
2019-01-01,89,52.36020664212334
2019-01-01,90,56.85284813814157
2019-01-01,91,54.49471425025637
2019-01-01,92,60.86242965851664
2019-01-01,93,64.72954897033748
2019-01-01,94,70.01004333090914
2019-01-01,95,70.31893540011735
2019-01-01,96,72.27993076278774
2019-01-01,97,72.46783886240605
2019-01-01,98,63.77453461872333
2019-01-01,99,75.34451316077926
2019-01-01,100,74.71388369932284
2019-01-01,101,68.82834717088897
2019-01-01,102,75.29214137248356
2019-01-01,103,75.38777694260722
2019-01-01,104,68.44245118049642
2019-01-01,105,74.58777477916827
2019-01-01,106,62.39721786224748
2019-01-01,107,74.10261857428216
2019-01-01,108,59.94298008402241
2019-01-01,109,54.74979358050687
2019-01-01,110,62.326110584652135
2019-01-01,111,59.69635372343399
2019-01-01,112,63.08457940371752
2019-01-01,113,65.97126656408233
2019-01-01,114,67.40684391961827
2019-01-01,115,69.18460549893712
2019-01-01,116,70.72852085214033
2019-01-01,117,60.6792093548727
2019-01-01,118,72.24918789692848
2019-01-01,119,71.61855843547214
2019-01-01,120,65.73302190703825
2019-01-01,121,72.19681610863283
2019-01-01,122,72.29245167875658
2019-01-01,123,65.347125916646
2019-01-01,124,71.4924495153176
2019-01-01,125,59.30189259839661
2019-01-01,126,71.00729331043134
2019-01-01,127,57.151585807237424
2019-01-01,128,57.07368795337057
2019-01-01,129,50.812599590836456
2019-01-01,130,59.56324867093442
2019-01-01,131,58.77803487863659
2019-01-01,132,59.08692694784489
2019-01-01,133,61.047922310515226
2019-01-01,134,61.04457021332747
2019-01-01,135,52.5425261664508
2019-01-01,136,64.11250470850656
2019-01-01,137,63.48187524705026
2019-01-01,138,57.59633871861639
2019-01-01,139,64.06013292021093
2019-01-01,140,64.15576849033475
2019-01-01,141,57.21044272822412
2019-01-01,142,63.35576632689568
2019-01-01,143,51.1652094099748
2019-01-01,144,62.8706101220096
2019-01-01,145,48.71097163174965
2019-01-01,146,46.18980265721323
2019-01-01,147,59.14885282774428
2019-01-01,148,53.832956471650846
2019-01-01,149,54.14184854085914
2019-01-01,150,56.1028439035295
2019-01-01,151,56.09949180634174
2019-01-01,152,47.597447759465055
2019-01-01,153,59.16742630152081
2019-01-01,154,58.53679684006463
2019-01-01,155,52.65126031163083
2019-01-01,156,59.11505451322541
2019-01-01,157,59.21069008334923
2019-01-01,158,52.26536432123821
2019-01-01,159,58.41068791991013
2019-01-01,160,46.22013100298951
2019-01-01,161,57.925531715023794
2019-01-01,162,43.76589322476392
2019-01-01,163,76.01272846050672
2019-01-01,164,91.35644734645813
2019-01-01,165,79.83343709394879
2019-01-01,166,81.45470582507856
2019-01-01,167,81.76547321754512
2019-01-01,168,76.77468979525753
2019-01-01,169,87.16833937959888
2019-01-01,170,86.53770991814253
2019-01-01,171,78.13707023431094
2019-01-01,172,84.60086443590554
2019-01-01,173,113.81144003729618
2019-01-01,174,102.69844656484533
2019-01-01,175,104.61819403942026
2019-01-01,176,83.10219831568496
2019-01-01,177,92.86802055902304
2019-01-01,178,66.1624617535218
2019-01-01,179,81.75065813450189
2019-01-01,180,75.84807760155017
2019-01-01,181,77.2861125493285
2019-01-01,182,79.14414739218594
2019-01-01,183,72.60609651950747
2019-01-01,184,82.99974610384878
2019-01-01,185,82.36911664239246
2019-01-01,186,73.96847695856086
2019-01-01,187,80.43227116015545
2019-01-01,188,109.64284676154624
2019-01-01,189,98.52985328909531
2019-01-01,190,100.44960076367025
2019-01-01,191,78.93360503993526
2019-01-01,192,88.69942728327301
2019-01-01,193,62.29779946483711
2019-01-01,194,80.07950054332554
2019-01-01,195,83.62650427406665
2019-01-01,196,96.88256051920675
2019-01-01,197,70.80413565599193
2019-01-01,198,101.49342634623844
2019-01-01,199,100.8627968847822
2019-01-01,200,92.89992186899815
2019-01-01,201,99.36371607059272
2019-01-01,202,119.01003870584367
2019-01-01,203,107.65805666761989
2019-01-01,204,110.72314225892838
2019-01-01,205,91.15935223303357
2019-01-01,206,105.80254980789576
2019-01-01,207,63.18440439445432
2019-01-01,208,81.44891287683444
2019-01-01,209,83.81347770294573
2019-01-01,210,80.38777358483492
2019-01-01,211,82.5432125419814
2019-01-01,212,81.91258308052508
2019-01-01,213,73.94970806474102
2019-01-01,214,80.41350226633557
2019-01-01,215,100.05982490158647
2019-01-01,216,88.70784286336266
2019-01-01,217,91.77292845467117
2019-01-01,218,72.20913842877633
2019-01-01,219,86.85233600363851
2019-01-01,220,44.23419059019715
2019-01-01,221,52.28710986121143
2019-01-01,222,70.14489168108156
2019-01-01,223,72.05829762239293
2019-01-01,224,71.4276681609366
2019-01-01,225,93.45663590425052
2019-01-01,226,99.92043010584514
2019-01-01,227,105.02623447092004
2019-01-01,228,94.08800097384352
2019-01-01,229,98.03735534596656
2019-01-01,230,74.58764788539266
2019-01-01,231,91.06828850598507
2019-01-01,232,65.28794478327653
2019-01-01,233,53.65119403094835
2019-01-01,234,84.3404847211952
2019-01-01,235,83.70985525973887
2019-01-01,236,75.74698024395482
2019-01-01,237,82.21077444554933
2019-01-01,238,101.85709708080029
2019-01-01,239,90.50511504257636
2019-01-01,240,93.57020063388505
2019-01-01,241,74.00641060799016
2019-01-01,242,88.64960818285284
2019-01-01,243,46.03146276941084
2019-01-01,244,72.71390592054027
2019-01-01,245,72.08327645908396
2019-01-01,246,64.37666216061686
2019-01-01,247,70.84045636221144
2019-01-01,248,90.48677899746235
2019-01-01,249,79.13479695923857
2019-01-01,250,82.1998825505471
2019-01-01,251,62.636092524652256
2019-01-01,252,77.27929009951443
2019-01-01,253,34.20490998174524
2019-01-01,254,64.49147788178612
2019-01-01,255,84.65208422846116
2019-01-01,256,91.1158784300557
2019-01-01,257,96.22168279513119
2019-01-01,258,85.28344929805465
2019-01-01,259,89.23280367017769
2019-01-01,260,65.78309620960376
2019-01-01,261,82.26373683019622
2019-01-01,262,56.48339310748765
2019-01-01,263,85.3853742999225
2019-01-01,264,91.84916850151707
2019-01-01,265,96.95497286659202
2019-01-01,266,86.01673936951549
2019-01-01,267,89.96609374163852
2019-01-01,268,66.51638628106461
2019-01-01,269,82.99702690165708
2019-01-01,270,57.21668317894849
2019-01-01,271,76.25471815480887
2019-01-01,272,81.55018778772268
2019-01-01,273,70.75006738526045
2019-01-01,274,71.53855041378756
2019-01-01,275,56.2916555310099
2019-01-01,276,79.29531484243118
2019-01-01,277,49.638770093093676
2019-01-01,278,74.03414801842669
2019-01-01,279,63.23402761596405
2019-01-01,280,64.0225106444916
2019-01-01,281,48.7756157617139
2019-01-01,282,71.77927507313514
2019-01-01,283,42.12273032379768
2019-01-01,284,47.3628865724108
2019-01-01,285,54.504417175344265
2019-01-01,286,35.0521447253457
2019-01-01,287,45.89103318071438
2019-01-01,288,41.130339756876864
2019-01-01,289,49.33786148204827
2019-01-01,290,40.984904812959904
2019-01-01,291,53.549276419829624
2019-01-01,292,44.44065918611358
2019-01-01,293,28.35297153529084
2019-01-01,294,51.05740446688416
2019-01-01,295,35.86606047402152
2019-01-01,296,59.031513973234134
2019-01-01,297,45.065923533593484
2019-01-01,298,38.79549754431038
2019-01-02,0,183.01373711001148
2019-01-02,1,186.36264670428372
2019-01-02,2,183.3822380181035
2019-01-02,3,184.22496478598984
2019-01-02,4,194.00287736759614
2019-01-02,5,189.5776650219436
2019-01-02,6,162.9641984309575
2019-01-02,7,165.2458668298136
2019-01-02,8,102.78015749231383
2019-01-02,9,152.1312296998015
2019-01-02,10,119.94285427336045
2019-01-02,11,125.0883374016954
2019-01-02,12,76.30801709887064
2019-01-02,13,69.42476399266233
2019-01-02,14,60.742123027187276
2019-01-02,15,117.51453761647039
2019-01-02,16,58.65502386901316
2019-01-02,17,52.951160951842915
2019-01-02,18,40.58735204921793
2019-01-02,19,71.35635837866693
2019-01-02,20,128.466927238729
2019-01-02,21,86.2684575465083
2019-01-02,22,112.78538499232369
2019-01-02,23,172.99640535013467
2019-01-02,24,179.8196634858149
2019-01-02,25,168.83979827347363
2019-01-02,26,166.40143433742557
2019-01-02,27,180.1726254116551
2019-01-02,28,198.71923349299905
2019-01-02,29,193.05494879848786
2019-01-02,30,200.97276970657882
2019-01-02,31,194.58694136038835
2019-01-02,32,199.2743516277395
2019-01-02,33,195.37679033519183
2019-01-02,34,190.50584169733511
2019-01-02,35,184.99899352114957
2019-01-02,36,188.44018122150587
2019-01-02,37,200.77784099372536
2019-01-02,38,188.59845845258738
2019-01-02,39,180.80866224410173
2019-01-02,40,175.0926513780776
2019-01-02,41,172.91132411240872
2019-01-02,42,186.26003320768038
2019-01-02,43,162.5503901626649
2019-01-02,44,177.6249172462618
2019-01-02,45,192.04881573427625
2019-01-02,46,185.48912074328555
2019-01-02,47,175.63282235197235
2019-01-02,48,169.75034393169742
2019-01-02,49,185.1682845986812
2019-01-02,50,202.0681430872713
2019-01-02,51,196.40385839275993
2019-01-02,52,204.3216793008509
2019-01-02,53,197.93585095466048
2019-01-02,54,202.62326122201173
2019-01-02,55,198.72569992946407
2019-01-02,56,193.8547512916073
2019-01-02,57,188.34790311542181
2019-01-02,58,191.7890908157781
2019-01-02,59,204.12675058799744
2019-01-02,60,191.94736804685962
2019-01-02,61,184.1575718383739
2019-01-02,62,178.44156097234995
2019-01-02,63,176.26023370668096
2019-01-02,64,189.60894280195313
2019-01-02,65,165.89929975693664
2019-01-02,66,180.97382684053358
2019-01-02,67,195.39772532854764
2019-01-02,68,172.65241366579212
2019-01-02,69,166.76993524551764
2019-01-02,70,182.1878759125009
2019-01-02,71,199.08773440109152
2019-01-02,72,193.42344970657987
2019-01-02,73,201.34127061467078
2019-01-02,74,194.95544226848043
2019-01-02,75,199.64285253583162
2019-01-02,76,195.74529124328396
2019-01-02,77,190.87434260542724
2019-01-02,78,185.3674944292417
2019-01-02,79,188.808682129598
2019-01-02,80,201.14634190181732
2019-01-02,81,188.9669593606795
2019-01-02,82,181.17716315219386
2019-01-02,83,175.46115228616983
2019-01-02,84,173.2798250205008
2019-01-02,85,186.62853411577257
2019-01-02,86,162.9188910707566
2019-01-02,87,177.99341815435352
2019-01-02,88,192.41731664236764
2019-01-02,89,167.6126620134054
2019-01-02,90,183.03060268038732
2019-01-02,91,199.93046116897747
2019-01-02,92,194.26617647446616
2019-01-02,93,202.18399738255712
2019-01-02,94,195.79816903636672
2019-01-02,95,200.4855793037179
2019-01-02,96,196.58801801117025
2019-01-02,97,191.71706937331354
2019-01-02,98,186.210221197128
2019-01-02,99,189.6514088974843
2019-01-02,100,201.9890686697036
2019-01-02,101,189.8096861285658
2019-01-02,102,182.0198899200801
2019-01-02,103,176.30387905405613
2019-01-02,104,174.12255178838709
2019-01-02,105,187.4712608836589
2019-01-02,106,163.76161783864288
2019-01-02,107,178.8361449222398
2019-01-02,108,193.26004341025393
2019-01-02,109,192.80851526199345
2019-01-02,110,209.70837375058383
2019-01-02,111,204.04408905607258
2019-01-02,112,211.96190996416343
2019-01-02,113,205.57608161797302
2019-01-02,114,210.26349188532416
2019-01-02,115,206.36593059277655
2019-01-02,116,201.4949819549199
2019-01-02,117,195.9881337787343
2019-01-02,118,199.42932147909065
2019-01-02,119,211.76698125130986
2019-01-02,120,199.58759871017205
2019-01-02,121,191.79780250168645
2019-01-02,122,186.0817916356623
2019-01-02,123,183.9004643699935
2019-01-02,124,197.24917346526567
2019-01-02,125,173.539530420249
2019-01-02,126,188.61405750384583
2019-01-02,127,203.03795599186034
2019-01-02,128,193.36644218782803
2019-01-02,129,199.61887671041993
2019-01-02,130,207.536697618511
2019-01-02,131,201.15086927232048
2019-01-02,132,205.83827953967167
2019-01-02,133,201.940718247124
2019-01-02,134,197.06976960926735
2019-01-02,135,191.56292143308175
2019-01-02,136,195.00410913343805
2019-01-02,137,207.34176890565737
2019-01-02,138,195.16238636451956
2019-01-02,139,187.3725901560339
2019-01-02,140,181.6565792900099
2019-01-02,141,179.4752520243409
2019-01-02,142,192.82396111961268
2019-01-02,143,169.11431807459675
2019-01-02,144,184.1888451581937
2019-01-02,145,198.61274364620775
2019-01-02,146,162.58937362084643
2019-01-02,147,170.50719452893705
2019-01-02,148,164.12136618274653
2019-01-02,149,168.80877645009772
2019-01-02,150,164.91121515755012
2019-01-02,151,160.04026651969335
2019-01-02,152,154.5334183435078
2019-01-02,153,157.9746060438641
2019-01-02,154,170.31226581608357
2019-01-02,155,158.13288327494544
2019-01-02,156,150.34308706646001
2019-01-02,157,144.62707620043594
2019-01-02,158,142.44574893476695
2019-01-02,159,155.79445803003856
2019-01-02,160,132.08481498502283
2019-01-02,161,147.15934206861968
2019-01-02,162,161.58324055663397
2019-01-02,163,198.83127446828544
2019-01-02,164,192.44544612209538
2019-01-02,165,197.13285638944635
2019-01-02,166,193.23529509689874
2019-01-02,167,188.36434645904197
2019-01-02,168,182.85749828285648
2019-01-02,169,186.29868598321278
2019-01-02,170,198.63634575543222
2019-01-02,171,186.45696321429418
2019-01-02,172,178.66716700580858
2019-01-02,173,172.95115613978484
2019-01-02,174,170.7698288741158
2019-01-02,175,184.11853796938775
2019-01-02,176,160.40889492437188
2019-01-02,177,175.4834220079688
2019-01-02,178,189.90732049598316
2019-01-02,179,129.97973678458615
2019-01-02,180,134.6671470519374
2019-01-02,181,130.7695857593898
2019-01-02,182,125.89863712153311
2019-01-02,183,120.39178894534757
2019-01-02,184,123.83297664570375
2019-01-02,185,136.1706364179225
2019-01-02,186,123.99125387678515
2019-01-02,187,116.20145766829967
2019-01-02,188,110.48544680227559
2019-01-02,189,108.30411953660663
2019-01-02,190,121.65282863187815
2019-01-02,191,97.9431855868626
2019-01-02,192,113.01771267045942
2019-01-02,193,127.44161115847345
2019-01-02,194,184.01821925943457
2019-01-02,195,180.1206579668869
2019-01-02,196,175.24970932903014
2019-01-02,197,169.74286115284465
2019-01-02,198,173.18404885320084
2019-01-02,199,185.5217086254205
2019-01-02,200,173.3423260842823
2019-01-02,201,165.55252987579675
2019-01-02,202,159.83651900977267
2019-01-02,203,157.6551917441037
2019-01-02,204,171.00390083937552
2019-01-02,205,147.29425779436002
2019-01-02,206,162.36878487795687
2019-01-02,207,176.7926833659706
2019-01-02,208,147.93228254044604
2019-01-02,209,143.06133390258915
2019-01-02,210,137.5544857264036
2019-01-02,211,140.99567342675985
2019-01-02,212,153.33333319897935
2019-01-02,213,141.15395065784125
2019-01-02,214,133.3641544493557
2019-01-02,215,127.64814358333172
2019-01-02,216,125.46681631766276
2019-01-02,217,138.81552541293448
2019-01-02,218,115.10588236791871
2019-01-02,219,130.18040945151554
2019-01-02,220,144.60430793952972
2019-01-02,221,148.2068170309241
2019-01-02,222,142.6999688547385
2019-01-02,223,146.1411565550948
2019-01-02,224,148.58915384946675
2019-01-02,225,146.29943378617608
2019-01-02,226,138.50963757769065
2019-01-02,227,132.79362671166663
2019-01-02,228,130.6122994459976
2019-01-02,229,136.16577908376243
2019-01-02,230,120.25136549625368
2019-01-02,231,135.3258925798505
2019-01-02,232,143.79783374348048
2019-01-02,233,95.4793754847125
2019-01-02,234,97.50382549166221
2019-01-02,235,101.3685604794397
2019-01-02,236,99.07884041615029
2019-01-02,237,91.28904420766474
2019-01-02,238,85.5730333416407
2019-01-02,239,83.39170607597168
2019-01-02,240,88.94518571373592
2019-01-02,241,73.03077212622773
2019-01-02,242,88.10529920982461
2019-01-02,243,96.5772403734547
2019-01-02,244,90.62057238545395
2019-01-02,245,96.84506426996066
2019-01-02,246,90.63586037714296
2019-01-02,247,82.84606416865739
2019-01-02,248,77.13005330263336
2019-01-02,249,74.94872603696432
2019-01-02,250,80.50220567472869
2019-01-02,251,64.58779208722041
2019-01-02,252,79.66231917081745
2019-01-02,253,86.2998187064036
2019-01-02,254,84.24293947495788
2019-01-02,255,81.95321941166802
2019-01-02,256,74.16342320318246
2019-01-02,257,68.44741233715841
2019-01-02,258,66.26608507148946
2019-01-02,259,71.81956470925367
2019-01-02,260,55.905151121745476
2019-01-02,261,70.97967820534232
2019-01-02,262,79.45161936897235
2019-01-02,263,103.65861953249859
2019-01-02,264,95.8688233240131
2019-01-02,265,90.15281245798903
2019-01-02,266,87.97148519232002
2019-01-02,267,97.2509174690368
2019-01-02,268,77.61055124257601
2019-01-02,269,92.68507832617294
2019-01-02,270,100.95902079488003
2019-01-02,271,85.17354036331525
2019-01-02,272,79.45752949729122
2019-01-02,273,77.27620223162226
2019-01-02,274,80.5900495432196
2019-01-02,275,66.91526828187827
2019-01-02,276,81.98979536547526
2019-01-02,277,75.43544420508782
2019-01-02,278,73.7536665801209
2019-01-02,279,71.57233931445215
2019-01-02,280,74.88618662604937
2019-01-02,281,61.211405364708
2019-01-02,282,67.77180868351805
2019-01-02,283,69.73158128791748
2019-01-02,284,60.015244187007845
2019-01-02,285,62.51556498152021
2019-01-02,286,50.02303620636637
2019-01-02,287,58.18887906042866
2019-01-02,288,54.89715338436303
2019-01-02,289,93.29138405287296
2019-01-02,290,79.61660279153162
2019-01-02,291,90.71788818301408
2019-01-02,292,90.882357423221
2019-01-02,293,131.0225604030591
2019-01-02,294,145.4457616974233
2019-01-02,295,159.815454729145
2019-01-02,296,44.46462813000067
2019-01-02,297,40.698697057896105
2019-01-02,298,126.32262275955671
2019-01-03,0,59.22757517072016
2019-01-03,1,66.23195127679298
2019-01-03,2,59.77547676581981
2019-01-03,3,66.60985442125849
2019-01-03,4,55.21072295071131
2019-01-03,5,60.646476995398054
2019-01-03,6,58.31998846127487
2019-01-03,7,57.186461300684016
2019-01-03,8,46.96314680629352
2019-01-03,9,32.053566384148446
2019-01-03,10,49.07240978441567
2019-01-03,11,44.878451682011416
2019-01-03,12,37.44711548821189
2019-01-03,13,30.601655261885057
2019-01-03,14,41.1732859885777
2019-01-03,15,32.455580173033255
2019-01-03,16,24.44873700700901
2019-01-03,17,24.01840922995305
2019-01-03,18,23.449704894076426
2019-01-03,19,19.293446382776487
2019-01-03,20,33.76055518752255
2019-01-03,21,50.83399883715518
2019-01-03,22,49.046844700762804
2019-01-03,23,54.973923757078644
2019-01-03,24,50.33383035905341
2019-01-03,25,52.07629408425758
2019-01-03,26,70.57742490118677
2019-01-03,27,60.975786027714484
2019-01-03,28,58.936683128212614
2019-01-03,29,54.8393904947581
2019-01-03,30,55.6831382556004
2019-01-03,31,49.36027443351953
2019-01-03,32,46.08913854510438
2019-01-03,33,47.070438565080515
2019-01-03,34,39.40097678467363
2019-01-03,35,42.26657965336347
2019-01-03,36,44.3590227514639
2019-01-03,37,47.94150690288025
2019-01-03,38,50.36194222812657
2019-01-03,39,60.434484632145846
2019-01-03,40,58.38463745907831
2019-01-03,41,52.765145284777525
2019-01-03,42,48.576877170021106
2019-01-03,43,40.62232639299614
2019-01-03,44,47.69342701498302
2019-01-03,45,55.39485919147731
2019-01-03,46,49.34051218669042
2019-01-03,47,48.343495611285164
2019-01-03,48,68.16647824238775
2019-01-03,49,57.92742942318038
2019-01-03,50,65.68838974707168
2019-01-03,51,61.78952216317206
2019-01-03,52,62.63326992401428
2019-01-03,53,56.31040610193362
2019-01-03,54,53.03927021351848
2019-01-03,55,54.020570233494404
2019-01-03,56,46.351108453087484
2019-01-03,57,49.216711321777474
2019-01-03,58,51.30915441987794
2019-01-03,59,54.891638571294195
2019-01-03,60,57.31207389654057
2019-01-03,61,67.38461630055997
2019-01-03,62,65.33476912749241
2019-01-03,63,59.71527695319151
2019-01-03,64,55.52700883843507
2019-01-03,65,47.114906599064284
2019-01-03,66,54.64355868339738
2019-01-03,67,58.196626407058524
2019-01-03,68,41.887021100311486
2019-01-03,69,61.7100037314141
2019-01-03,70,51.47095491220669
2019-01-03,71,59.23191523609834
2019-01-03,72,55.333047652198395
2019-01-03,73,56.17679541304063
2019-01-03,74,49.85393159095996
2019-01-03,75,46.5827957025448
2019-01-03,76,47.56409572252074
2019-01-03,77,39.89463394211382
2019-01-03,78,42.760236810803775
2019-01-03,79,44.85267990890425
2019-01-03,80,48.4351640603205
2019-01-03,81,50.85559938556687
2019-01-03,82,60.92814178958627
2019-01-03,83,58.8782946165187
2019-01-03,84,53.25880244221782
2019-01-03,85,49.07053432746137
2019-01-03,86,40.65843208809059
2019-01-03,87,48.187084172423745
2019-01-03,88,51.74015189608513
2019-01-03,89,57.532056090808005
2019-01-03,90,50.42847779743458
2019-01-03,91,55.982143881986964
2019-01-03,92,52.63050150796554
2019-01-03,93,53.474249268807746
2019-01-03,94,47.15138544672689
2019-01-03,95,43.88024955831176
2019-01-03,96,44.86154957828789
2019-01-03,97,37.19208779788095
2019-01-03,98,40.0576906665709
2019-01-03,99,42.15013376467121
2019-01-03,100,45.73261791608762
2019-01-03,101,48.15305324133399
2019-01-03,102,58.225595645353366
2019-01-03,103,56.17574847228582
2019-01-03,104,50.55625629798494
2019-01-03,105,46.36798818322848
2019-01-03,106,44.960482984945415
2019-01-03,107,45.48453802819052
2019-01-03,108,49.03760575185302
2019-01-03,109,48.37408784706345
2019-01-03,110,53.730370878615254
2019-01-03,111,50.80140126996415
2019-01-03,112,51.645149030806415
2019-01-03,113,45.32228520872561
2019-01-03,114,42.05114932031048
2019-01-03,115,43.032449340286554
2019-01-03,116,35.36298755987959
2019-01-03,117,38.228590428569554
2019-01-03,118,40.321033526669915
2019-01-03,119,43.90351767808626
2019-01-03,120,46.32395300333263
2019-01-03,121,56.39649540735208
2019-01-03,122,54.34664823428446
2019-01-03,123,48.727156059983606
2019-01-03,124,44.538887945227174
2019-01-03,125,43.29500259365499
2019-01-03,126,43.65543779018902
2019-01-03,127,45.936324220431686
2019-01-03,128,59.166124923302
2019-01-03,129,55.2672573394018
2019-01-03,130,56.111005100244036
2019-01-03,131,49.78814127816327
2019-01-03,132,46.51700538974816
2019-01-03,133,47.498305409724196
2019-01-03,134,39.82884362931734
2019-01-03,135,42.69444649800717
2019-01-03,136,44.78688959610756
2019-01-03,137,48.36937374752391
2019-01-03,138,50.78980907277031
2019-01-03,139,60.86235147678964
2019-01-03,140,58.812504303721994
2019-01-03,141,53.19301212942124
2019-01-03,142,49.00474401466479
2019-01-03,143,47.760858663092776
2019-01-03,144,48.12129385962706
2019-01-03,145,51.674361583288956
2019-01-03,146,52.74234375572433
2019-01-03,147,53.586091516566626
2019-01-03,148,47.26322769448573
2019-01-03,149,43.9920918060706
2019-01-03,150,44.97339182604673
2019-01-03,151,37.30393004563984
2019-01-03,152,40.169532914329686
2019-01-03,153,42.2619760124301
2019-01-03,154,45.84446016384645
2019-01-03,155,48.26489548909277
2019-01-03,156,58.337437893112075
2019-01-03,157,56.28759072004453
2019-01-03,158,50.668098545743746
2019-01-03,159,46.479830430987306
2019-01-03,160,38.52527965396233
2019-01-03,161,45.59638027594925
2019-01-03,162,53.29781245244351
2019-01-03,163,60.34528732476894
2019-01-03,164,54.02242350268834
2019-01-03,165,50.75128761427318
2019-01-03,166,51.73258763424922
2019-01-03,167,44.06312585384226
2019-01-03,168,46.92872872253215
2019-01-03,169,49.02117182063263
2019-01-03,170,52.603655972048884
2019-01-03,171,55.024091297295215
2019-01-03,172,65.09663370131453
2019-01-03,173,63.046786528246926
2019-01-03,174,57.42729435394609
2019-01-03,175,53.239026239189634
2019-01-03,176,49.39956801969301
2019-01-03,177,52.35557608415169
2019-01-03,178,52.13608439828309
2019-01-03,179,44.57594147313458
2019-01-03,180,41.304805584719446
2019-01-03,181,42.28610560469553
2019-01-03,182,34.61664382428851
2019-01-03,183,37.48224669297847
2019-01-03,184,39.57468979107888
2019-01-03,185,43.15717394249519
2019-01-03,186,45.57760926774162
2019-01-03,187,55.65015167176089
2019-01-03,188,53.600304498693404
2019-01-03,189,47.98081232439251
2019-01-03,190,43.79254420963598
2019-01-03,191,42.548658858064144
2019-01-03,192,42.909094054598064
2019-01-03,193,42.689602368729396
2019-01-03,194,26.395225162574302
2019-01-03,195,27.37652518255059
2019-01-03,196,19.70706340214356
2019-01-03,197,22.572666270833444
2019-01-03,198,24.665109368933845
2019-01-03,199,28.247593520350126
2019-01-03,200,30.668028845596545
2019-01-03,201,40.740571249615854
2019-01-03,202,38.690724076548335
2019-01-03,203,33.07123190224747
2019-01-03,204,28.32910772155511
2019-01-03,205,27.63907843591906
2019-01-03,206,27.99951363245302
2019-01-03,207,27.78002194658457
2019-01-03,208,53.00645027039781
2019-01-03,209,44.36309835078053
2019-01-03,210,47.48091153446064
2019-01-03,211,50.194091523563586
2019-01-03,212,48.7255506940197
2019-01-03,213,52.44647894316292
2019-01-03,214,59.89589841498322
2019-01-03,215,59.967063989855774
2019-01-03,216,54.84968199981371
2019-01-03,217,49.86705448710714
2019-01-03,218,44.91910744200413
2019-01-03,219,42.926557335187645
2019-01-03,220,45.45608488746352
2019-01-03,221,40.169140248376316
2019-01-03,222,43.28695343205644
2019-01-03,223,46.00013342115931
2019-01-03,224,44.53159259161559
2019-01-03,225,48.25252084075869
2019-01-03,226,55.70194031257898
2019-01-03,227,55.77310588745152
2019-01-03,228,50.65572389740954
2019-01-03,229,45.67309638470297
2019-01-03,230,40.72514933959991
2019-01-03,231,38.73259923278356
2019-01-03,232,41.26212678505897
2019-01-03,233,33.16323667620672
2019-01-03,234,37.49060095076152
2019-01-03,235,41.616281894992234
2019-01-03,236,43.578039817230554
2019-01-03,237,50.85897574459555
2019-01-03,238,44.464158722912444
2019-01-03,239,42.8918366839362
2019-01-03,240,37.59148211793632
2019-01-03,241,33.29381314580034
2019-01-03,242,39.177239615014955
2019-01-03,243,33.830790591259415
2019-01-03,244,31.02409730467824
2019-01-03,245,34.770821668665405
2019-01-03,246,36.73257959090368
2019-01-03,247,44.01351551826867
2019-01-03,248,37.61869849658561
2019-01-03,249,36.04637645760935
2019-01-03,250,30.746021891609615
2019-01-03,251,26.448352919473503
2019-01-03,252,32.331779388688126
2019-01-03,253,26.98533036493288
2019-01-03,254,43.50213393091488
2019-01-03,255,44.001355885685925
2019-01-03,256,51.38870035446818
2019-01-03,257,48.19032922327829
2019-01-03,258,46.618007184301945
2019-01-03,259,41.31765261830401
2019-01-03,260,37.019983646166196
2019-01-03,261,39.548600319211005
2019-01-03,262,37.55696109162564
2019-01-03,263,34.64215266791681
2019-01-03,264,42.20041515449073
2019-01-03,265,39.08212589627976
2019-01-03,266,34.07551783924904
2019-01-03,267,25.27440411022916
2019-01-03,268,24.007438258919212
2019-01-03,269,29.999316194423685
2019-01-03,270,29.39488684441856
2019-01-03,271,34.19357198846646
2019-01-03,272,31.075282730255577
2019-01-03,273,27.147118359206015
2019-01-03,274,17.267560944204934
2019-01-03,275,16.000595092895008
2019-01-03,276,21.992473028399527
2019-01-03,277,21.388043678394627
2019-01-03,278,35.239028452502524
2019-01-03,279,30.156429212721672
2019-01-03,280,21.431306666451906
2019-01-03,281,19.865106887541504
2019-01-03,282,21.877609140000942
2019-01-03,283,20.402084333000534
2019-01-03,284,25.048260674415342
2019-01-03,285,19.53189825215409
2019-01-03,286,19.73923877372746
2019-01-03,287,16.791195173220913
2019-01-03,288,19.774961526142558
2019-01-03,289,19.99530768103276
2019-01-03,290,15.047360635931302
2019-01-03,291,17.915724970588503
2019-01-03,292,16.107242426737397
2019-01-03,293,29.346067239293205
2019-01-03,294,29.70650243582749
2019-01-03,295,29.48701074995853
2019-01-03,296,46.779946085458796
2019-01-03,297,46.560454399590995
2019-01-03,298,47.02583362359899
2019-01-04,0,48.971518256350876
2019-01-04,1,61.79213032431623
2019-01-04,2,47.89767138926473
2019-01-04,3,39.347932425123034
2019-01-04,4,40.68955384594939
2019-01-04,5,81.63788139862154
2019-01-04,6,65.66525491251058
2019-01-04,7,62.28582317328521
2019-01-04,8,72.11245440984364
2019-01-04,9,71.23030097942669
2019-01-04,10,54.26086155504649
2019-01-04,11,50.34204309506639
2019-01-04,12,47.343273187116424
2019-01-04,13,48.32258689192646
2019-01-04,14,51.095188005647685
2019-01-04,15,66.65476182221236
2019-01-04,16,68.09945711900582
2019-01-04,17,67.26103149469384
2019-01-04,18,60.540138553920094
2019-01-04,19,69.11949170852222
2019-01-04,20,67.38630909680421
2019-01-04,21,47.616797359426634
2019-01-04,22,67.3808977938235
2019-01-04,23,35.379907959086395
2019-01-04,24,35.977078594586516
2019-01-04,25,40.68720023182151
2019-01-04,26,35.498948752979175
2019-01-04,27,35.09417366329993
2019-01-04,28,40.256729175864294
2019-01-04,29,64.39178722235339
2019-01-04,30,59.96087686519574
2019-01-04,31,58.077666270774266
2019-01-04,32,51.38142682963691
2019-01-04,33,53.404400613060375
2019-01-04,34,56.88259792245935
2019-01-04,35,56.04038813632297
2019-01-04,36,55.09916666285828
2019-01-04,37,56.27328779946678
2019-01-04,38,56.65297270420892
2019-01-04,39,59.64804536760783
2019-01-04,40,59.418605096629335
2019-01-04,41,56.03836932136544
2019-01-04,42,64.43502562411703
2019-01-04,43,59.229866700736736
2019-01-04,44,65.46412313289561
2019-01-04,45,40.95877771834914
2019-01-04,46,41.54756555819811
2019-01-04,47,44.828619441088655
2019-01-04,48,41.228454015760306
2019-01-04,49,42.801512355945256
2019-01-04,50,44.41471699485943
2019-01-04,51,49.13315746687882
2019-01-04,52,45.53071310737189
2019-01-04,53,46.7462955956597
2019-01-04,54,42.37651020959687
2019-01-04,55,42.01089715252127
2019-01-04,56,45.55122724734481
2019-01-04,57,44.70901746120842
2019-01-04,58,50.74778222481241
2019-01-04,59,48.253304068624125
2019-01-04,60,47.505319811740996
2019-01-04,61,50.50039247514023
2019-01-04,62,50.2709522041615
2019-01-04,63,46.89071642889725
2019-01-04,64,55.2873727316492
2019-01-04,65,46.41264389339601
2019-01-04,66,56.48052519591574
2019-01-04,67,33.21755001777153
2019-01-04,68,41.93887348417161
2019-01-04,69,38.33870805884359
2019-01-04,70,39.91176639902856
2019-01-04,71,41.524971037942734
2019-01-04,72,45.24983073828509
2019-01-04,73,42.64096715045519
2019-01-04,74,43.856549638742926
2019-01-04,75,39.48676425268013
2019-01-04,76,39.1211511956045
2019-01-04,77,42.661481290428014
2019-01-04,78,41.81927150429162
2019-01-04,79,47.8580362678956
2019-01-04,80,45.36355811170732
2019-01-04,81,44.6155738548242
2019-01-04,82,47.61064651822342
2019-01-04,83,47.38120624724469
2019-01-04,84,44.00097047198042
2019-01-04,85,52.39762677473236
2019-01-04,86,43.52289793647917
2019-01-04,87,53.590779238998586
2019-01-04,88,30.327804060854646
2019-01-04,89,34.59369415043662
2019-01-04,90,32.16192280953659
2019-01-04,91,40.50616442875505
2019-01-04,92,35.91598322416549
2019-01-04,93,34.09122818631344
2019-01-04,94,35.306810674601216
2019-01-04,95,30.937025288538422
2019-01-04,96,30.571412231462816
2019-01-04,97,34.11174232628633
2019-01-04,98,33.26953254014995
2019-01-04,99,39.30829730375393
2019-01-04,100,36.81381914756567
2019-01-04,101,36.06583489068253
2019-01-04,102,39.060907554081766
2019-01-04,103,38.83146728310305
2019-01-04,104,35.4512315078388
2019-01-04,105,43.84788781059074
2019-01-04,106,34.973158972337544
2019-01-04,107,45.04104027485696
2019-01-04,108,21.77806509671305
2019-01-04,109,32.553426192319364
2019-01-04,110,35.29803442358268
2019-01-04,111,37.02256139063896
2019-01-04,112,35.117435792105944
2019-01-04,113,36.333018280393695
2019-01-04,114,31.96323289433093
2019-01-04,115,31.597619837255394
2019-01-04,116,35.13794993207885
2019-01-04,117,34.29574014594247
2019-01-04,118,40.334504909546496
2019-01-04,119,37.84002675335828
2019-01-04,120,37.09204249647509
2019-01-04,121,40.08711515987406
2019-01-04,122,39.857674888895566
2019-01-04,123,36.47743911363136
2019-01-04,124,44.87409541638329
2019-01-04,125,35.99936657813019
2019-01-04,126,46.067247880649454
2019-01-04,127,22.804272702505685
2019-01-04,128,43.85334908366821
2019-01-04,129,38.408921257403556
2019-01-04,130,43.461353149966456
2019-01-04,131,43.758844998680964
2019-01-04,132,38.6872055515506
2019-01-04,133,40.23375425828204
2019-01-04,134,42.56377665036607
2019-01-04,135,41.72156686422969
2019-01-04,136,45.556923469315194
2019-01-04,137,44.21185756251767
2019-01-04,138,43.817184377295334
2019-01-04,139,46.81225704069449
2019-01-04,140,46.58281676971601
2019-01-04,141,43.20258099445199
2019-01-04,142,51.59923729720373
2019-01-04,143,44.045535513571764
2019-01-04,144,52.4037223313118
2019-01-04,145,29.071630817708673
2019-01-04,146,64.85857111228701
2019-01-04,147,65.21728236209525
2019-01-04,148,61.082882253606485
2019-01-04,149,52.01087993439266
2019-01-04,150,54.03385371781621
2019-01-04,151,59.88781390529162
2019-01-04,152,59.045604119155215
2019-01-04,153,51.542336971206154
2019-01-04,154,55.32811279899949
2019-01-04,155,58.48059962320956
2019-01-04,156,61.4756722866095
2019-01-04,157,61.24623201563033
2019-01-04,158,57.86599624036599
2019-01-04,159,66.26265254311814
2019-01-04,160,63.21149185212079
2019-01-04,161,69.44574828427992
2019-01-04,162,44.9404028697336
2019-01-04,163,66.3825116414972
2019-01-04,164,63.85687786400011
2019-01-04,165,56.112439018232386
2019-01-04,166,58.135412801655875
2019-01-04,167,62.66180951568522
2019-01-04,168,61.81959972954884
2019-01-04,169,58.867286346159645
2019-01-04,170,60.51095179494341
2019-01-04,171,61.759385842615515
2019-01-04,172,64.75445850601498
2019-01-04,173,64.52501823503601
2019-01-04,174,61.144782459771925
2019-01-04,175,69.54143876252377
2019-01-04,176,65.01115102453787
2019-01-04,177,71.2454074566969
2019-01-04,178,46.74006204215061
2019-01-04,179,61.06213382434986
2019-01-04,180,52.968611330680645
2019-01-04,181,54.991585114104126
2019-01-04,182,59.867065476034966
2019-01-04,183,59.02485568989859
2019-01-04,184,56.55048680896039
2019-01-04,185,59.87611363237074
2019-01-04,186,64.42342445980003
2019-01-04,187,65.17543057737677
2019-01-04,188,64.72025786550714
2019-01-04,189,61.56575453113423
2019-01-04,190,70.42727317637153
2019-01-04,191,63.57440705666505
2019-01-04,192,69.80866348882402
2019-01-04,193,45.303318074277904
2019-01-04,194,40.31482271893293
2019-01-04,195,41.652241324996965
2019-01-04,196,50.60482982041718
2019-01-04,197,49.7626200342808
2019-01-04,198,47.983538087419085
2019-01-04,199,48.86507025328096
2019-01-04,200,58.29855547404333
2019-01-04,201,52.97190775460885
2019-01-04,202,54.24587980820853
2019-01-04,203,48.695603052123346
2019-01-04,204,57.97359623662162
2019-01-04,205,44.05746655181717
2019-01-04,206,50.29172298397623
2019-01-04,207,25.786377569430154
2019-01-04,208,54.33993548740192
2019-01-04,209,56.25165448543912
2019-01-04,210,55.40944469930274
2019-01-04,211,50.014382865414035
2019-01-04,212,55.690843276228335
2019-01-04,213,65.1243284969906
2019-01-04,214,59.797680777556174
2019-01-04,215,61.071652831155845
2019-01-04,216,55.521376075070656
2019-01-04,217,64.79936925956893
2019-01-04,218,50.94787809078114
2019-01-04,219,57.18213452294003
2019-01-04,220,32.67678910839351
2019-01-04,221,53.21126551200588
2019-01-04,222,52.36905572586947
2019-01-04,223,54.04503673729016
2019-01-04,224,42.22252998015861
2019-01-04,225,55.70414500744279
2019-01-04,226,48.7392454716817
2019-01-04,227,50.0132175252817
2019-01-04,228,50.902967708800404
2019-01-04,229,75.09947593801516
2019-01-04,230,60.86956599718389
2019-01-04,231,65.41053498524398
2019-01-04,232,32.858790231106774
2019-01-04,233,50.891999996185035
2019-01-04,234,49.112918049323305
2019-01-04,235,49.994450215185196
2019-01-04,236,59.42793543594757
2019-01-04,237,54.1012877165131
2019-01-04,238,55.37525977011278
2019-01-04,239,49.824983014027595
2019-01-04,240,59.10297619852588
2019-01-04,241,45.18684651372142
2019-01-04,242,51.42110294588049
2019-01-04,243,26.915757531334247
2019-01-04,244,50.09223175413303
2019-01-04,245,50.97376391999495
2019-01-04,246,60.407249140757294
2019-01-04,247,55.080601421322854
2019-01-04,248,56.35457347492253
2019-01-04,249,50.80429671883735
2019-01-04,250,60.082289903335635
2019-01-04,251,46.16616021853119
2019-01-04,252,52.40041665069026
2019-01-04,253,27.89507123614403
2019-01-04,254,38.977480872883
2019-01-04,255,42.12996769709322
2019-01-04,256,45.125040360492484
2019-01-04,257,44.89560008951396
2019-01-04,258,41.51536431424947
2019-01-04,259,49.91202061700179
2019-01-04,260,46.86085992600461
2019-01-04,261,53.09511635816348
2019-01-04,262,28.589770943616983
2019-01-04,263,41.20540544141971
2019-01-04,264,41.67276876633049
2019-01-04,265,42.94674081993051
2019-01-04,266,35.754194109309516
2019-01-04,267,64.3100626628441
2019-01-04,268,59.70951534575263
2019-01-04,269,64.25048433381272
2019-01-04,270,31.69873957967564
2019-01-04,271,43.33231051348672
2019-01-04,272,44.60628256708672
2019-01-04,273,43.19488001686668
2019-01-04,274,65.9696044100003
2019-01-04,275,61.369057092908854
2019-01-04,276,65.91002608096895
2019-01-04,277,33.35828132683179
2019-01-04,278,61.497075676382075
2019-01-04,279,57.32478277050172
2019-01-04,280,64.94105398927584
2019-01-04,281,60.3405066721844
2019-01-04,282,64.88147566024446
2019-01-04,283,32.32973090610745
2019-01-04,284,47.54311707957836
2019-01-04,285,58.88987378157882
2019-01-04,286,48.01606011981662
2019-01-04,287,57.35466258631531
2019-01-04,288,25.54097409181832
2019-01-04,289,69.44035265722255
2019-01-04,290,64.83980534013116
2019-01-04,291,69.38077432819117
2019-01-04,292,36.82902957405424
2019-01-04,293,57.377180354165574
2019-01-04,294,61.94035159872087
2019-01-04,295,59.971600533668564
2019-01-04,296,44.734989320397986
2019-01-04,297,29.70776536836329
2019-01-04,298,53.96209084602688
2019-01-05,0,123.67608687112684
2019-01-05,1,98.25475929183244
2019-01-05,2,94.95757128623771
2019-01-05,3,93.64612704567458
2019-01-05,4,85.83016456461502
2019-01-05,5,75.27067153368286
2019-01-05,6,91.73234178993853
2019-01-05,7,93.76506240995822
2019-01-05,8,85.84006783571336
2019-01-05,9,94.54878877186428
2019-01-05,10,77.80400476233659
2019-01-05,11,56.97016787851375
2019-01-05,12,56.84595402667334
2019-01-05,13,51.71930790916876
2019-01-05,14,40.53297292748512
2019-01-05,15,40.70599707640506
2019-01-05,16,35.49847269410288
2019-01-05,17,54.095800152238525
2019-01-05,18,45.83934281049081
2019-01-05,19,32.86737835692221
2019-01-05,20,39.86575789595186
2019-01-05,21,28.76074097406463
2019-01-05,22,83.38666631741816
2019-01-05,23,112.38257901707571
2019-01-05,24,109.07282947591015
2019-01-05,25,100.14782912122301
2019-01-05,26,96.73705963183893
2019-01-05,27,76.35347333903573
2019-01-05,28,100.53091284856554
2019-01-05,29,89.89218568117215
2019-01-05,30,87.7127320716919
2019-01-05,31,88.40946344717425
2019-01-05,32,86.44473078592401
2019-01-05,33,96.14842786826036
2019-01-05,34,96.04849875582225
2019-01-05,35,94.00768431225426
2019-01-05,36,99.02967717609256
2019-01-05,37,96.20425475313259
2019-01-05,38,101.79633316672994
2019-01-05,39,99.54610946807168
2019-01-05,40,99.95622924537452
2019-01-05,41,94.14721629247359
2019-01-05,42,91.52075276672531
2019-01-05,43,93.85802265648852
2019-01-05,44,83.38637110795939
2019-01-05,45,91.58038526586736
2019-01-05,46,95.5973817451427
2019-01-05,47,100.23797773590466
2019-01-05,48,96.82720824652058
2019-01-05,49,76.44362195371735
2019-01-05,50,87.15872199062501
2019-01-05,51,83.52902544945775
2019-01-05,52,79.00861586171241
2019-01-05,53,80.24774252369536
2019-01-05,54,78.28300986244562
2019-01-05,55,87.98670694478092
2019-01-05,56,87.88677783234247
2019-01-05,57,85.84596338877496
2019-01-05,58,90.86795625261348
2019-01-05,59,88.04253382965368
2019-01-05,60,93.63461224325115
2019-01-05,61,91.38438854459268
2019-01-05,62,91.79450832189576
2019-01-05,63,85.98549536899472
2019-01-05,64,83.35903184324641
2019-01-05,65,85.69630173300945
2019-01-05,66,75.22465018448125
2019-01-05,67,83.4186643423884
2019-01-05,68,97.97054405656492
2019-01-05,69,92.6979840446289
2019-01-05,70,70.14312824173356
2019-01-05,71,92.43103967873232
2019-01-05,72,87.05096018406843
2019-01-05,73,87.23196261341653
2019-01-05,74,88.49854980313971
2019-01-05,75,85.25021730181626
2019-01-05,76,96.23751422422669
2019-01-05,77,96.1375851117885
2019-01-05,78,94.09677066822059
2019-01-05,79,99.11876353205895
2019-01-05,80,96.29334110909895
2019-01-05,81,101.88541952269647
2019-01-05,82,99.63519582403724
2019-01-05,83,100.04531560134099
2019-01-05,84,94.23630264844006
2019-01-05,85,91.60983912269178
2019-01-05,86,93.94710901245502
2019-01-05,87,83.47545746392582
2019-01-05,88,91.66947162183368
2019-01-05,89,85.5758085956591
2019-01-05,90,62.97564910680372
2019-01-05,91,77.36968454413648
2019-01-05,92,79.97778159500214
2019-01-05,93,85.68438187020097
2019-01-05,94,85.38208619269626
2019-01-05,95,79.70178531386662
2019-01-05,96,90.18321447569986
2019-01-05,97,90.08328536326158
2019-01-05,98,88.04247091969393
2019-01-05,99,93.06446378353218
2019-01-05,100,90.239041360572
2019-01-05,101,95.83111977417163
2019-01-05,102,93.58089607551243
2019-01-05,103,93.99101585281623
2019-01-05,104,88.18200289991528
2019-01-05,105,85.555539374167
2019-01-05,106,87.8928092639304
2019-01-05,107,77.42115771540124
2019-01-05,108,85.6151718733083
2019-01-05,109,60.29014187907462
2019-01-05,110,67.01980329339268
2019-01-05,111,77.99064677921562
2019-01-05,112,80.03275890640494
2019-01-05,113,77.8023319378857
2019-01-05,114,72.83953384808939
2019-01-05,115,87.16646264158693
2019-01-05,116,87.85426867325005
2019-01-05,117,83.80153069775143
2019-01-05,118,87.33692648530062
2019-01-05,119,84.51150406234048
2019-01-05,120,89.96892892453165
2019-01-05,121,87.71870522587243
2019-01-05,122,88.12882500317626
2019-01-05,123,82.31981205027527
2019-01-05,124,80.48267768815195
2019-01-05,125,82.03061841429012
2019-01-05,126,71.55896686576128
2019-01-05,127,79.75298102366834
2019-01-05,128,59.092140995967185
2019-01-05,129,74.8443690986421
2019-01-05,130,67.13409526098951
2019-01-05,131,66.81338078385069
2019-01-05,132,77.31279378530772
2019-01-05,133,76.17751148755063
2019-01-05,134,76.86531751921372
2019-01-05,135,72.81257954371486
2019-01-05,136,76.34797533126435
2019-01-05,137,73.52255290830435
2019-01-05,138,78.97997777049532
2019-01-05,139,76.72975407183606
2019-01-05,140,77.13987384913987
2019-01-05,141,71.3308608962388
2019-01-05,142,69.4937265341155
2019-01-05,143,71.04166726025367
2019-01-05,144,60.57001571172471
2019-01-05,145,68.76402986963096
2019-01-05,146,92.90450854845544
2019-01-05,147,82.7804681185185
2019-01-05,148,81.74135662796647
2019-01-05,149,76.77855853817076
2019-01-05,150,91.10548733166793
2019-01-05,151,91.7932933633311
2019-01-05,152,87.74055538783254
2019-01-05,153,91.27595117538162
2019-01-05,154,88.45052875242143
2019-01-05,155,93.90795361461242
2019-01-05,156,91.6577299159532
2019-01-05,157,92.06784969325703
2019-01-05,158,86.25883674035605
2019-01-05,159,84.42170237823272
2019-01-05,160,85.96964310437083
2019-01-05,161,75.49799155584213
2019-01-05,162,83.69200571374832
2019-01-05,163,64.6177760556644
2019-01-05,164,64.91446865377479
2019-01-05,165,77.93316473036158
2019-01-05,166,78.87407094869658
2019-01-05,167,77.373749306932
2019-01-05,168,72.9214214894934
2019-01-05,169,76.25193483075658
2019-01-05,170,73.4265124077965
2019-01-05,171,78.88393726998764
2019-01-05,172,76.63371357132841
2019-01-05,173,77.04383334863228
2019-01-05,174,71.23482039573126
2019-01-05,175,69.39768603360794
2019-01-05,176,70.94562675974615
2019-01-05,177,60.47397521121737
2019-01-05,178,68.66798936912417
2019-01-05,179,70.60428595553734
2019-01-05,180,65.64148786574131
2019-01-05,181,79.96841665923796
2019-01-05,182,80.65622269090116
2019-01-05,183,76.60348471540239
2019-01-05,184,80.13888050295158
2019-01-05,185,77.31345807999126
2019-01-05,186,82.77088294218238
2019-01-05,187,80.52065924352222
2019-01-05,188,80.93077902082696
2019-01-05,189,75.12176606792603
2019-01-05,190,73.2846317058027
2019-01-05,191,74.83257243194085
2019-01-05,192,64.36092088341206
2019-01-05,193,72.5549350413182
2019-01-05,194,80.2847516781838
2019-01-05,195,90.76618084001697
2019-01-05,196,90.66625172757881
2019-01-05,197,88.62543728401101
2019-01-05,198,93.64743014784926
2019-01-05,199,90.82200772488912
2019-01-05,200,96.41408613848874
2019-01-05,201,94.16386243982954
2019-01-05,202,94.5739822171334
2019-01-05,203,88.76496926423248
2019-01-05,204,86.13850573848426
2019-01-05,205,88.47577562824766
2019-01-05,206,78.0041240797185
2019-01-05,207,86.19813823762561
2019-01-05,208,79.30289947010536
2019-01-05,209,79.9907055017685
2019-01-05,210,75.93796752626973
2019-01-05,211,79.47336331381892
2019-01-05,212,76.64794089085864
2019-01-05,213,82.10536575304975
2019-01-05,214,79.85514205439019
2019-01-05,215,80.2652618316945
2019-01-05,216,74.4562488787936
2019-01-05,217,72.6191145166703
2019-01-05,218,74.16705524280839
2019-01-05,219,63.69540369427947
2019-01-05,220,71.88941785218572
2019-01-05,221,62.903113927795346
2019-01-05,222,58.850375952296424
2019-01-05,223,62.38577173984604
2019-01-05,224,59.560349316885976
2019-01-05,225,65.01777417907694
2019-01-05,226,62.76755048041767
2019-01-05,227,63.177670257721516
2019-01-05,228,57.36865730482048
2019-01-05,229,55.53152294269721
2019-01-05,230,57.079463668835324
2019-01-05,231,46.607812120306434
2019-01-05,232,54.80182627821303
2019-01-05,233,58.72616210045588
2019-01-05,234,62.26155788800513
2019-01-05,235,59.43613546504497
2019-01-05,236,64.89356032723614
2019-01-05,237,62.64333662857686
2019-01-05,238,63.053456405880766
2019-01-05,239,57.24444345297975
2019-01-05,240,55.4073090908564
2019-01-05,241,56.9552498169948
2019-01-05,242,46.483598268465926
2019-01-05,243,54.67761242637222
2019-01-05,244,56.32966669087263
2019-01-05,245,56.33329525117135
2019-01-05,246,59.766914209731944
2019-01-05,247,57.51669051107269
2019-01-05,248,57.92681028837654
2019-01-05,249,52.11779733547554
2019-01-05,250,50.28066297335226
2019-01-05,251,51.82860369949033
2019-01-05,252,41.35695215096138
2019-01-05,253,49.55096630886819
2019-01-05,254,48.29256412858339
2019-01-05,255,48.58057922804823
2019-01-05,256,46.33035552938896
2019-01-05,257,46.74047530669282
2019-01-05,258,40.93146235379182
2019-01-05,259,39.09432799166858
2019-01-05,260,40.64226871780673
2019-01-05,261,30.170617169277726
2019-01-05,262,38.36463132718454
2019-01-05,263,48.923293824192676
2019-01-05,264,46.50337967830874
2019-01-05,265,46.91349945561259
2019-01-05,266,41.1044865027116
2019-01-05,267,39.267352140588336
2019-01-05,268,40.8152928667265
2019-01-05,269,30.34364131819765
2019-01-05,270,38.53765547610428
2019-01-05,271,41.29585529600666
2019-01-05,272,41.70597507331055
2019-01-05,273,35.89696212040953
2019-01-05,274,34.05982775828624
2019-01-05,275,35.60776848442442
2019-01-05,276,25.136116935895245
2019-01-05,277,33.33013109380221
2019-01-05,278,57.41177603807325
2019-01-05,279,51.60276308517221
2019-01-05,280,49.76562872304891
2019-01-05,281,51.31356944918699
2019-01-05,282,40.84191790065837
2019-01-05,283,49.035932058563986
2019-01-05,284,52.91830741527993
2019-01-05,285,51.08117305315663
2019-01-05,286,52.62911377929481
2019-01-05,287,42.157462230765816
2019-01-05,288,50.35147638867257
2019-01-05,289,35.17083368960307
2019-01-05,290,35.437859315606616
2019-01-05,291,29.18549777719694
2019-01-05,292,34.29952605361035
2019-01-05,293,46.40562997260333
2019-01-05,294,36.18387731622698
2019-01-05,295,44.12799258198103
2019-01-05,296,25.341101040495698
2019-01-05,297,31.70306112054251
2019-01-05,298,87.8987998956002
2019-01-06,0,37.50217030864712
2019-01-06,1,42.235781358832554
2019-01-06,2,46.6186191651031
2019-01-06,3,33.89720776843555
2019-01-06,4,52.20734793383635
2019-01-06,5,40.18589104890619
2019-01-06,6,45.41553280546368
2019-01-06,7,51.09474876125154
2019-01-06,8,31.00972037143162
2019-01-06,9,36.401574590907344
2019-01-06,10,28.440241324270467
2019-01-06,11,46.152989652996325
2019-01-06,12,37.447640640044845
2019-01-06,13,31.447423883319026
2019-01-06,14,36.543182713065434
2019-01-06,15,42.645662074629755
2019-01-06,16,46.73425008568632
2019-01-06,17,37.35663095054745
2019-01-06,18,18.482762907608855
2019-01-06,19,29.351052949862023
2019-01-06,20,21.82544176303007
2019-01-06,21,31.459511400852506
2019-01-06,22,25.556925019553884
2019-01-06,23,39.999376741523434
2019-01-06,24,42.907765301155976
2019-01-06,25,52.223281799509735
2019-01-06,26,49.73679909917563
2019-01-06,27,57.51043733585637
2019-01-06,28,55.61782244779375
2019-01-06,29,47.465911033448265
2019-01-06,30,53.03852282979533
2019-01-06,31,41.045110185284535
2019-01-06,32,46.38308566466681
2019-01-06,33,37.20494137161919
2019-01-06,34,44.25384694182982
2019-01-06,35,38.88580287076006
2019-01-06,36,24.44882653952935
2019-01-06,37,31.1905180645576
2019-01-06,38,26.445438264502062
2019-01-06,39,37.555478698334056
2019-01-06,40,42.70623873681194
2019-01-06,41,45.81997127136617
2019-01-06,42,44.58208473553938
2019-01-06,43,26.605601172408864
2019-01-06,44,38.14202194757403
2019-01-06,45,39.52430590408795
2019-01-06,46,48.60014460032457
2019-01-06,47,55.50807275657545
2019-01-06,48,51.961237788328376
2019-01-06,49,60.23565767209205
2019-01-06,50,58.343042784029414
2019-01-06,51,47.57980315692324
2019-01-06,52,54.98710923669551
2019-01-06,53,42.993696592184634
2019-01-06,54,48.33167207156695
2019-01-06,55,38.99100851404661
2019-01-06,56,46.20243334872997
2019-01-06,57,40.83438927766019
2019-01-06,58,26.397412946429483
2019-01-06,59,33.13910447145775
2019-01-06,60,28.394024671402192
2019-01-06,61,39.50406510523459
2019-01-06,62,44.65482514371209
2019-01-06,63,47.768557678266326
2019-01-06,64,46.530671142439516
2019-01-06,65,28.554187579308998
2019-01-06,66,40.09060835447416
2019-01-06,67,41.47289231098801
2019-01-06,68,53.166895397732695
2019-01-06,69,50.12530780444655
2019-01-06,70,58.45405093407815
2019-01-06,71,56.56143604601545
2019-01-06,72,48.40952463167032
2019-01-06,73,53.20550249868163
2019-01-06,74,41.21208985417086
2019-01-06,75,46.55006533355315
2019-01-06,76,36.690924280188796
2019-01-06,77,44.42082661071615
2019-01-06,78,39.052782539646444
2019-01-06,79,24.615806208415734
2019-01-06,80,31.357497733444
2019-01-06,81,26.612417933388446
2019-01-06,82,37.72245836722088
2019-01-06,83,42.87321840569845
2019-01-06,84,45.98695094025277
2019-01-06,85,44.74906440442601
2019-01-06,86,26.77258084129539
2019-01-06,87,38.309001616460556
2019-01-06,88,39.69128557297436
2019-01-06,89,44.29601176990862
2019-01-06,90,53.04601693695461
2019-01-06,91,51.153402048892
2019-01-06,92,39.71726113742361
2019-01-06,93,47.79746850155819
2019-01-06,94,35.80405585704716
2019-01-06,95,41.14203133642954
2019-01-06,96,36.06031647661359
2019-01-06,97,39.01279261359254
2019-01-06,98,33.64474854252286
2019-01-06,99,19.207772211292163
2019-01-06,100,25.949463736320432
2019-01-06,101,21.2043839362649
2019-01-06,102,32.31442437009735
2019-01-06,103,37.46518440857493
2019-01-06,104,40.578916943129244
2019-01-06,105,39.34103040730251
2019-01-06,106,21.364546844171894
2019-01-06,107,32.90096761933708
2019-01-06,108,34.28325157585092
2019-01-06,109,60.52315174594357
2019-01-06,110,58.63053685788096
2019-01-06,111,61.33119495141559
2019-01-06,112,55.29297803130013
2019-01-06,113,43.29956538678921
2019-01-06,114,48.63754086617157
2019-01-06,115,43.55582600635566
2019-01-06,116,46.50830214333456
2019-01-06,117,41.14025807226477
2019-01-06,118,26.70328174103406
2019-01-06,119,33.444973266062334
2019-01-06,120,28.699893466006774
2019-01-06,121,39.809933899839194
2019-01-06,122,44.960693938316766
2019-01-06,123,48.07442647287106
2019-01-06,124,46.83653993704431
2019-01-06,125,28.860056373913704
2019-01-06,126,40.396477149078855
2019-01-06,127,41.77876110559268
2019-01-06,128,49.47714527401478
2019-01-06,129,48.24571798023782
2019-01-06,130,46.12121172668101
2019-01-06,131,34.12779908217017
2019-01-06,132,39.46577456155242
2019-01-06,133,34.38405970173661
2019-01-06,134,37.33653583871546
2019-01-06,135,31.96849176764573
2019-01-06,136,17.53151543641503
2019-01-06,137,24.27320696144326
2019-01-06,138,19.52812716138772
2019-01-06,139,30.638167595220075
2019-01-06,140,35.78892763369774
2019-01-06,141,38.90266016825201
2019-01-06,142,37.664773632425266
2019-01-06,143,19.688290069294663
2019-01-06,144,31.22471084445982
2019-01-06,145,32.60699480097359
2019-01-06,146,53.98000225548048
2019-01-06,147,49.76483413880026
2019-01-06,148,37.77142149428947
2019-01-06,149,43.10939697367168
2019-01-06,150,38.02768211385589
2019-01-06,151,40.98015825083475
2019-01-06,152,35.612114179765
2019-01-06,153,21.175137848534302
2019-01-06,154,27.916829373562553
2019-01-06,155,23.171749573507004
2019-01-06,156,34.28179000733944
2019-01-06,157,39.43255004581701
2019-01-06,158,42.5462825803713
2019-01-06,159,41.30839604454455
2019-01-06,160,23.33191248141394
2019-01-06,161,34.8683332565791
2019-01-06,162,36.25061721309292
2019-01-06,163,55.701357376539555
2019-01-06,164,43.707944732028736
2019-01-06,165,49.04592021141098
2019-01-06,166,43.964205351595
2019-01-06,167,46.91668148857403
2019-01-06,168,41.54863741750428
2019-01-06,169,27.111661086273582
2019-01-06,170,33.853352611301844
2019-01-06,171,29.108272811246284
2019-01-06,172,40.218313245078875
2019-01-06,173,45.36907328355622
2019-01-06,174,48.4828058181106
2019-01-06,175,47.244919282283746
2019-01-06,176,29.26843571915325
2019-01-06,177,40.80485649431838
2019-01-06,178,42.18714045083216
2019-01-06,179,40.02919739907989
2019-01-06,180,45.36717287846227
2019-01-06,181,36.38626068788706
2019-01-06,182,43.237934155625254
2019-01-06,183,37.86989008455551
2019-01-06,184,23.432913753324797
2019-01-06,185,30.17460527835305
2019-01-06,186,25.4295254782975
2019-01-06,187,36.5395659121299
2019-01-06,188,41.6903259506074
2019-01-06,189,44.80405848516162
2019-01-06,190,43.56617194933483
2019-01-06,191,25.589688386204312
2019-01-06,192,37.12610916136948
2019-01-06,193,38.50839311788337
2019-01-06,194,44.71709880407926
2019-01-06,195,38.47463391361465
2019-01-06,196,41.42711005059368
2019-01-06,197,36.059065979523936
2019-01-06,198,21.62208964829325
2019-01-06,199,28.36378117332148
2019-01-06,200,23.618701373265868
2019-01-06,201,34.728741807098345
2019-01-06,202,39.87950184557586
2019-01-06,203,42.993234380130076
2019-01-06,204,41.75534784430329
2019-01-06,205,23.778864281172734
2019-01-06,206,35.315285056337906
2019-01-06,207,36.697569012851865
2019-01-06,208,33.81678164072594
2019-01-06,209,40.668455108464116
2019-01-06,210,35.3004110373944
2019-01-06,211,20.863434706163773
2019-01-06,212,27.605126231191953
2019-01-06,213,22.860046431136404
2019-01-06,214,33.970086864968835
2019-01-06,215,39.12084690344638
2019-01-06,216,42.234579438000594
2019-01-06,217,40.99669290217382
2019-01-06,218,23.020209339043287
2019-01-06,219,34.556630114208446
2019-01-06,220,35.93891407072227
2019-01-06,221,53.09507290534861
2019-01-06,222,47.727028834278855
2019-01-06,223,33.290052503048145
2019-01-06,224,40.03174402807642
2019-01-06,225,35.28666422802078
2019-01-06,226,46.39670466185326
2019-01-06,227,51.547464700330785
2019-01-06,228,54.661197234885016
2019-01-06,229,53.42331069905821
2019-01-06,230,35.44682713592765
2019-01-06,231,46.98324791109285
2019-01-06,232,48.365531867606784
2019-01-06,233,39.06261474763913
2019-01-06,234,24.6256384162065
2019-01-06,235,31.367329941234765
2019-01-06,236,26.622250141179112
2019-01-06,237,37.732290575011774
2019-01-06,238,42.88305061348915
2019-01-06,239,45.996783148043576
2019-01-06,240,44.758896612216645
2019-01-06,241,26.78241304908609
2019-01-06,242,38.31883382425125
2019-01-06,243,39.29851227253579
2019-01-06,244,20.676729716242264
2019-01-06,245,27.418421241270426
2019-01-06,246,22.673341441214884
2019-01-06,247,33.78338187504744
2019-01-06,248,38.93414191352491
2019-01-06,249,42.0478744480792
2019-01-06,250,40.80998791225235
2019-01-06,251,22.833504349121828
2019-01-06,252,34.369925124287036
2019-01-06,253,33.658888115188084
2019-01-06,254,34.136148439020374
2019-01-06,255,32.44892652645601
2019-01-06,256,38.77522825365017
2019-01-06,257,43.436017247569126
2019-01-06,258,46.04221860209522
2019-01-06,259,46.95396531567256
2019-01-06,260,37.824197126635966
2019-01-06,261,42.64365504655619
2019-01-06,262,39.75776848097695
2019-01-06,263,38.54752697650889
2019-01-06,264,47.22192130588773
2019-01-06,265,47.80478428645428
2019-01-06,266,51.47856271846457
2019-01-06,267,52.3903094320419
2019-01-06,268,42.62879181278747
2019-01-06,269,44.74320468180274
2019-01-06,270,44.85712630649935
2019-01-06,271,45.07054187084013
2019-01-06,272,47.40790422177383
2019-01-06,273,49.65418413575351
2019-01-06,274,50.56593084933071
2019-01-06,275,42.52063496889616
2019-01-06,276,45.87339803454975
2019-01-06,277,42.97083833408762
2019-01-06,278,31.49780504013129
2019-01-06,279,34.61153757468556
2019-01-06,280,33.3736510388587
2019-01-06,281,15.298938062498907
2019-01-06,282,27.676111817739567
2019-01-06,283,33.10878969688177
2019-01-06,284,26.677759267569744
2019-01-06,285,27.589505981147074
2019-01-06,286,19.917522641384945
2019-01-06,287,23.27919571203069
2019-01-06,288,20.393309146451447
2019-01-06,289,32.39264931371016
2019-01-06,290,30.746351472756206
2019-01-06,291,34.44874791298683
2019-01-06,292,31.92856412028423
2019-01-06,293,22.867844408738193
2019-01-06,294,25.119155147726538
2019-01-06,295,23.937855085355707
2019-01-06,296,41.764254059180416
2019-01-06,297,31.482261024835918
2019-01-06,298,25.051592433600955
2019-01-07,0,61.502381734832994
2019-01-07,1,63.34683692016537
2019-01-07,2,55.17916508853447
2019-01-07,3,52.46641531199965
2019-01-07,4,56.13354319634005
2019-01-07,5,51.811641533940026
2019-01-07,6,57.2949308755537
2019-01-07,7,46.373277600162524
2019-01-07,8,45.1739300504906
2019-01-07,9,59.125559174449236
2019-01-07,10,62.5641999001444
2019-01-07,11,42.16515672937859
2019-01-07,12,61.39247816332964
2019-01-07,13,58.354943257998556
2019-01-07,14,62.80317491238789
2019-01-07,15,65.59953063030159
2019-01-07,16,76.92146859890724
2019-01-07,17,59.545522439412196
2019-01-07,18,69.11851707190516
2019-01-07,19,66.36795212439722
2019-01-07,20,62.656334431966286
2019-01-07,21,72.73356048118185
2019-01-07,22,76.97948598467411
2019-01-07,23,72.15991611132438
2019-01-07,24,63.790039605779015
2019-01-07,25,70.85930914090584
2019-01-07,26,64.35432073763639
2019-01-07,27,65.22712943296105
2019-01-07,28,61.770905655028685
2019-01-07,29,67.14665760924487
2019-01-07,30,64.2519709102937
2019-01-07,31,64.91966404262625
2019-01-07,32,61.167645938641364
2019-01-07,33,63.798422703121744
2019-01-07,34,64.76429461660899
2019-01-07,35,68.52169615418406
2019-01-07,36,57.40948238628366
2019-01-07,37,54.80106571555957
2019-01-07,38,53.200468536256935
2019-01-07,39,56.606539051532266
2019-01-07,40,50.156980977614744
2019-01-07,41,54.35840126486687
2019-01-07,42,54.96527412729549
2019-01-07,43,60.37867122939062
2019-01-07,44,69.29621339006302
2019-01-07,45,46.615407413508926
2019-01-07,46,71.26714819938435
2019-01-07,47,71.72249732580507
2019-01-07,48,66.19877592296879
2019-01-07,49,67.07158461829343
2019-01-07,50,63.61536084036109
2019-01-07,51,68.99111279457732
2019-01-07,52,66.09642609562609
2019-01-07,53,66.76411922795867
2019-01-07,54,63.012101123973764
2019-01-07,55,65.64287788845412
2019-01-07,56,66.60874980194139
2019-01-07,57,70.36615133951643
2019-01-07,58,59.25393757161604
2019-01-07,59,56.645520900891974
2019-01-07,60,55.04492372158934
2019-01-07,61,58.45099423686467
2019-01-07,62,52.00143616294715
2019-01-07,63,56.20285645019948
2019-01-07,64,50.19278139144582
2019-01-07,65,54.37404562892868
2019-01-07,66,65.28997734248638
2019-01-07,67,48.45986259884132
2019-01-07,68,63.554825494174196
2019-01-07,69,58.03110409133789
2019-01-07,70,58.90391278666247
2019-01-07,71,55.447689008730194
2019-01-07,72,60.82344096294639
2019-01-07,73,57.92875426399519
2019-01-07,74,58.59644739632775
2019-01-07,75,54.844429292342866
2019-01-07,76,57.47520605682322
2019-01-07,77,58.44107797031047
2019-01-07,78,62.19847950788555
2019-01-07,79,51.08626573998513
2019-01-07,80,48.47784906926082
2019-01-07,81,46.87725188995842
2019-01-07,82,50.28332240523376
2019-01-07,83,43.833764331316225
2019-01-07,84,48.035184618568486
2019-01-07,85,52.23750865305526
2019-01-07,86,57.65090575515043
2019-01-07,87,62.44429397506843
2019-01-07,88,40.292190767210414
2019-01-07,89,55.31835431480305
2019-01-07,90,56.19116301012767
2019-01-07,91,52.734939232195366
2019-01-07,92,58.11069118641152
2019-01-07,93,55.21600448746034
2019-01-07,94,55.883697619792976
2019-01-07,95,52.13167951580804
2019-01-07,96,54.76245628028838
2019-01-07,97,55.728328193775624
2019-01-07,98,59.48572973135071
2019-01-07,99,48.37351596345031
2019-01-07,100,45.76509929272599
2019-01-07,101,44.1645021134236
2019-01-07,102,47.57057262869894
2019-01-07,103,41.121014554781404
2019-01-07,104,45.322434842033545
2019-01-07,105,45.92930770446213
2019-01-07,106,51.342704806557265
2019-01-07,107,60.260246967229705
2019-01-07,108,37.57944099067558
2019-01-07,109,59.85829089446798
2019-01-07,110,56.40206711653578
2019-01-07,111,61.777819070751946
2019-01-07,112,58.88313237180077
2019-01-07,113,59.550825504133385
2019-01-07,114,55.79880740014844
2019-01-07,115,58.42958416462879
2019-01-07,116,59.39545607811604
2019-01-07,117,63.15285761569105
2019-01-07,118,52.04064384779071
2019-01-07,119,49.432227177066395
2019-01-07,120,47.831629997764004
2019-01-07,121,51.237700513039314
2019-01-07,122,44.788142439121806
2019-01-07,123,48.98956272637422
2019-01-07,124,49.90507948031241
2019-01-07,125,55.318476582407555
2019-01-07,126,60.111864802325584
2019-01-07,127,41.24656887501599
2019-01-07,128,52.080165454135724
2019-01-07,129,57.45591740835198
2019-01-07,130,54.561230709400746
2019-01-07,131,55.228923841733355
2019-01-07,132,51.476905737748396
2019-01-07,133,54.10768250222876
2019-01-07,134,55.07355441571601
2019-01-07,135,58.83095595329108
2019-01-07,136,47.718742185390674
2019-01-07,137,45.110325514666606
2019-01-07,138,43.50972833536395
2019-01-07,139,46.91579885063929
2019-01-07,140,40.4662407767216
2019-01-07,141,44.66766106397396
2019-01-07,142,38.65758600522046
2019-01-07,143,42.83885024270336
2019-01-07,144,48.636057099986175
2019-01-07,145,36.924667212615965
2019-01-07,146,60.20784495020777
2019-01-07,147,58.651013738548855
2019-01-07,148,56.90988508309181
2019-01-07,149,57.053946037075534
2019-01-07,150,68.17597926045408
2019-01-07,151,68.84717969532005
2019-01-07,152,68.26838374994178
2019-01-07,153,58.42582052669238
2019-01-07,154,65.90176798811467
2019-01-07,155,60.626067562963584
2019-01-07,156,64.02246632289035
2019-01-07,157,60.563424415686626
2019-01-07,158,68.19698578303172
2019-01-07,159,58.655989881805084
2019-01-07,160,44.09642774367528
2019-01-07,161,51.968479897793586
2019-01-07,162,42.407956554229614
2019-01-07,163,52.07905474050004
2019-01-07,164,50.33792608504315
2019-01-07,165,48.11277412405012
2019-01-07,166,59.23480734742877
2019-01-07,167,59.906007782294665
2019-01-07,168,60.401754971835715
2019-01-07,169,49.484648613666984
2019-01-07,170,56.960596075089256
2019-01-07,171,51.6848956499382
2019-01-07,172,55.08129440986498
2019-01-07,173,51.622252502661226
2019-01-07,174,59.25581387000631
2019-01-07,175,49.7148179687797
2019-01-07,176,37.52446874562588
2019-01-07,177,40.319764162949056
2019-01-07,178,31.486303278838417
2019-01-07,179,47.75642596003104
2019-01-07,180,57.55079438412912
2019-01-07,181,38.54040753045766
2019-01-07,182,59.19726770894276
2019-01-07,183,58.190820446523645
2019-01-07,184,48.14488528848719
2019-01-07,185,50.502539836708806
2019-01-07,186,59.38314594686952
2019-01-07,187,51.851198920945365
2019-01-07,188,50.68757687928249
2019-01-07,189,61.74122163204429
2019-01-07,190,50.53779639995474
2019-01-07,191,45.5575074339538
2019-01-07,192,34.262570751255026
2019-01-07,193,30.286955729166557
2019-01-07,194,55.079533137301794
2019-01-07,195,50.50100627110099
2019-01-07,196,57.39328248737192
2019-01-07,197,64.06216097858771
2019-01-07,198,59.22644655038238
2019-01-07,199,56.57606201148846
2019-01-07,200,55.54967155598112
2019-01-07,201,54.420674971797936
2019-01-07,202,48.81403148277832
2019-01-07,203,57.35222490545307
2019-01-07,204,59.3622030429609
2019-01-07,205,46.09690851793273
2019-01-07,206,38.90731089024666
2019-01-07,207,44.23858485312519
2019-01-07,208,45.77440855878777
2019-01-07,209,52.66668477505874
2019-01-07,210,53.029182489363535
2019-01-07,211,49.92284933677125
2019-01-07,212,50.50759981383594
2019-01-07,213,51.467671744760864
2019-01-07,214,51.46687002634137
2019-01-07,215,42.32618451209389
2019-01-07,216,42.93475208235441
2019-01-07,217,54.57185938724466
2019-01-07,218,40.03070256646012
2019-01-07,219,34.01299849294901
2019-01-07,220,47.6772255788203
2019-01-07,221,36.94822532740932
2019-01-07,222,33.33314461114516
2019-01-07,223,29.593413097084014
2019-01-07,224,26.984996426359718
2019-01-07,225,25.384399247057324
2019-01-07,226,28.79046976233261
2019-01-07,227,22.340911688414927
2019-01-07,228,26.542331975667285
2019-01-07,229,20.532256916913774
2019-01-07,230,20.135946364715014
2019-01-07,231,20.14794700710228
2019-01-07,232,27.278182408054526
2019-01-07,233,50.34499313256546
2019-01-07,234,39.57942665757811
2019-01-07,235,47.267404170877924
2019-01-07,236,56.047636212151815
2019-01-07,237,48.36637431202969
2019-01-07,238,47.35206714456481
2019-01-07,239,59.113277211782304
2019-01-07,240,47.16972541624186
2019-01-07,241,44.366119143566365
2019-01-07,242,49.09931787024948
2019-01-07,243,46.50550384200557
2019-01-07,244,47.62837420257015
2019-01-07,245,45.019957531846075
2019-01-07,246,43.41936035254344
2019-01-07,247,46.82543086781875
2019-01-07,248,40.37587279390105
2019-01-07,249,46.58303411749645
2019-01-07,250,45.49280983509182
2019-01-07,251,41.251565887894145
2019-01-07,252,39.32217554432302
2019-01-07,253,43.46796893667448
2019-01-07,254,47.534623368367235
2019-01-07,255,45.80096932261846
2019-01-07,256,50.164954242022546
2019-01-07,257,41.16280644595783
2019-01-07,258,49.81886065995643
2019-01-07,259,57.04815596246867
2019-01-07,260,41.113544498421334
2019-01-07,261,39.12394023175267
2019-01-07,262,47.91620059106381
2019-01-07,263,50.380071413592674
2019-01-07,264,45.03068945268609
2019-01-07,265,37.1764943430108
2019-01-07,266,58.62287029082083
2019-01-07,267,55.79889167555561
2019-01-07,268,40.73672941478752
2019-01-07,269,36.81560835741858
2019-01-07,270,50.712556308977526
2019-01-07,271,50.91688090677857
2019-01-07,272,36.00055108268994
2019-01-07,273,57.446927030499836
2019-01-07,274,51.13077126793527
2019-01-07,275,45.92357299327601
2019-01-07,276,51.16432711606875
2019-01-07,277,62.034494277583086
2019-01-07,278,41.06379622211624
2019-01-07,279,47.859181088016044
2019-01-07,280,49.09650204473877
2019-01-07,281,40.732331145579465
2019-01-07,282,34.42862255977941
2019-01-07,283,44.658548118088135
2019-01-07,284,53.00590404261915
2019-01-07,285,60.782754759310365
2019-01-07,286,46.2658037070814
2019-01-07,287,43.722490810936335
2019-01-07,288,54.23154275058113
2019-01-07,289,69.69559406456418
2019-01-07,290,47.22572088299151
2019-01-07,291,52.565517431510784
2019-01-07,292,51.48097780307316
2019-01-07,293,37.39849956636131
2019-01-07,294,37.260308171000034
2019-01-07,295,47.76936011064225
2019-01-07,296,48.306376198476016
2019-01-07,297,57.846586159857765
2019-01-07,298,62.092511663349995
2019-01-08,0,82.77964808374888
2019-01-08,1,79.37264520609516
2019-01-08,2,94.49325884887041
2019-01-08,3,83.41012877036535
2019-01-08,4,84.32489945890221
2019-01-08,5,73.42903646168442
2019-01-08,6,79.22145813658861
2019-01-08,7,54.74081604224319
2019-01-08,8,50.73899509717616
2019-01-08,9,45.45556170548077
2019-01-08,10,69.4207679189851
2019-01-08,11,38.446072483815996
2019-01-08,12,40.50349272982238
2019-01-08,13,33.12135749327894
2019-01-08,14,36.59181956392139
2019-01-08,15,40.41598941938451
2019-01-08,16,40.17358763899424
2019-01-08,17,37.07597170810555
2019-01-08,18,45.2814956285411
2019-01-08,19,49.16976299399758
2019-01-08,20,40.960839741208886
2019-01-08,21,47.467369621356674
2019-01-08,22,63.944133864520644
2019-01-08,23,82.63916815309368
2019-01-08,24,71.12849993491044
2019-01-08,25,67.09603284600387
2019-01-08,26,78.38022949567961
2019-01-08,27,73.09356341293062
2019-01-08,28,70.18321917574144
2019-01-08,29,72.02193016673814
2019-01-08,30,70.84828104652124
2019-01-08,31,79.94213319634171
2019-01-08,32,72.30067473150199
2019-01-08,33,100.26583652671293
2019-01-08,34,85.29886848814718
2019-01-08,35,95.32667707176732
2019-01-08,36,73.05275341659681
2019-01-08,37,89.21753466692995
2019-01-08,38,81.66076358470174
2019-01-08,39,83.69311423400067
2019-01-08,40,87.88700160858026
2019-01-08,41,82.85672248400128
2019-01-08,42,78.65247210572288
2019-01-08,43,76.77696442591275
2019-01-08,44,78.22648250546244
2019-01-08,45,76.30824515684807
2019-01-08,46,67.72149705725671
2019-01-08,47,63.689029968350134
2019-01-08,48,74.97322661802592
2019-01-08,49,69.6865605352769
2019-01-08,50,66.03665691077396
2019-01-08,51,67.87536790177063
2019-01-08,52,66.7017187815537
2019-01-08,53,75.79557093137423
2019-01-08,54,68.15411246653447
2019-01-08,55,96.11927426174545
2019-01-08,56,81.15230622317966
2019-01-08,57,91.18011480679984
2019-01-08,58,68.90619115162933
2019-01-08,59,85.07097240196244
2019-01-08,60,77.51420131973425
2019-01-08,61,79.54655196903316
2019-01-08,62,83.74043934361275
2019-01-08,63,78.7101602190338
2019-01-08,64,74.50590984075535
2019-01-08,65,72.63040216094522
2019-01-08,66,74.07992024049491
2019-01-08,67,72.1616828918806
2019-01-08,68,78.95556703036317
2019-01-08,69,90.09384026080114
2019-01-08,70,83.73664195093785
2019-01-08,71,85.4602557294126
2019-01-08,72,87.29896672040933
2019-01-08,73,86.1253176001924
2019-01-08,74,95.21916975001291
2019-01-08,75,87.57771128517315
2019-01-08,76,115.54287308038407
2019-01-08,77,100.57590504181834
2019-01-08,78,110.60371362543852
2019-01-08,79,88.32978997026801
2019-01-08,80,104.49457122060115
2019-01-08,81,96.93780013837299
2019-01-08,82,98.9701507876719
2019-01-08,83,103.16403816225149
2019-01-08,84,98.13375903767253
2019-01-08,85,93.92950865939407
2019-01-08,86,92.05400097958396
2019-01-08,87,93.50351905913361
2019-01-08,88,91.58528171051934
2019-01-08,89,79.01071018229611
2019-01-08,90,72.85615523377234
2019-01-08,91,72.18094402571008
2019-01-08,92,74.01965501670678
2019-01-08,93,72.84600589648988
2019-01-08,94,81.93985804631043
2019-01-08,95,74.29839958147058
2019-01-08,96,102.26356137668158
2019-01-08,97,87.29659333811574
2019-01-08,98,97.32440192173594
2019-01-08,99,75.05047826656545
2019-01-08,100,91.21525951689851
2019-01-08,101,83.65848843467033
2019-01-08,102,85.69083908396927
2019-01-08,103,89.88472645854885
2019-01-08,104,84.8544473339699
2019-01-08,105,80.65019695569147
2019-01-08,106,78.77468927588133
2019-01-08,107,80.22420735543102
2019-01-08,108,78.30597000681666
2019-01-08,109,74.63881478808396
2019-01-08,110,70.98891116358098
2019-01-08,111,72.82762215457767
2019-01-08,112,71.65397303436077
2019-01-08,113,80.74782518418125
2019-01-08,114,73.10636671934152
2019-01-08,115,101.07152851455247
2019-01-08,116,86.10456047598672
2019-01-08,117,96.13236905960686
2019-01-08,118,73.85844540443635
2019-01-08,119,90.02322665476949
2019-01-08,120,82.46645557254128
2019-01-08,121,84.49880622184021
2019-01-08,122,88.6926935964198
2019-01-08,123,83.66241447184082
2019-01-08,124,79.45816409356242
2019-01-08,125,77.58265641375226
2019-01-08,126,79.03217449330197
2019-01-08,127,77.11393714468764
2019-01-08,128,71.57680297328973
2019-01-08,129,73.41551396428652
2019-01-08,130,72.24186484406957
2019-01-08,131,81.33571699388993
2019-01-08,132,73.69425852905033
2019-01-08,133,101.6594203242613
2019-01-08,134,86.69245228569544
2019-01-08,135,96.7202608693157
2019-01-08,136,74.44633721414515
2019-01-08,137,90.61111846447822
2019-01-08,138,83.05434738225009
2019-01-08,139,85.08669803154903
2019-01-08,140,89.28058540612868
2019-01-08,141,84.2503062815496
2019-01-08,142,80.04605590327122
2019-01-08,143,78.17054822346108
2019-01-08,144,79.62006630301079
2019-01-08,145,77.70182895439642
2019-01-08,146,68.65079764658586
2019-01-08,147,67.63786709221623
2019-01-08,148,69.983016811714
2019-01-08,149,68.0299464367892
2019-01-08,150,93.05771493809037
2019-01-08,151,78.09074689952479
2019-01-08,152,88.11855548314482
2019-01-08,153,66.11663575755898
2019-01-08,154,83.51655622417178
2019-01-08,155,75.95978514194358
2019-01-08,156,77.99213579124256
2019-01-08,157,82.18602316582228
2019-01-08,158,77.15574404124305
2019-01-08,159,78.91234325791537
2019-01-08,160,75.11088032418392
2019-01-08,161,73.18281061636819
2019-01-08,162,74.65916819687115
2019-01-08,163,55.53078277702179
2019-01-08,164,53.10776741452939
2019-01-08,165,60.5001584413492
2019-01-08,166,71.94300164733937
2019-01-08,167,56.97603360877368
2019-01-08,168,67.0038421923938
2019-01-08,169,44.50465303117378
2019-01-08,170,60.207045888265455
2019-01-08,171,52.65027480603726
2019-01-08,172,54.682625455336094
2019-01-08,173,58.8765128299158
2019-01-08,174,53.84623370533694
2019-01-08,175,57.50990690687224
2019-01-08,176,55.63439922706173
2019-01-08,177,57.08391730660931
2019-01-08,178,50.38318533190526
2019-01-08,179,50.275594773348686
2019-01-08,180,48.654582344494074
2019-01-08,181,58.0240987884989
2019-01-08,182,56.54120243371775
2019-01-08,183,53.70438874076688
2019-01-08,184,44.26726214371885
2019-01-08,185,50.78912165707842
2019-01-08,186,43.232350574850194
2019-01-08,187,45.26470122414914
2019-01-08,188,49.45858859872872
2019-01-08,189,44.428309474149735
2019-01-08,190,46.4528474039535
2019-01-08,191,42.79783801691557
2019-01-08,192,39.32869942088644
2019-01-08,193,42.36624930114117
2019-01-08,194,49.030487128936144
2019-01-08,195,54.81835294508489
2019-01-08,196,53.33545659030374
2019-01-08,197,50.49864289735279
2019-01-08,198,43.24189726126528
2019-01-08,199,48.94883078913792
2019-01-08,200,41.39205970690963
2019-01-08,201,43.42441035620866
2019-01-08,202,47.61829773078821
2019-01-08,203,42.58801860620928
2019-01-08,204,43.53832296556661
2019-01-08,205,39.89567725777261
2019-01-08,206,41.702268970539265
2019-01-08,207,39.45172486275782
2019-01-08,208,85.5970877028932
2019-01-08,209,70.6301196643275
2019-01-08,210,80.65792824794757
2019-01-08,211,58.15873908672758
2019-01-08,212,73.86113194381925
2019-01-08,213,66.30436086159101
2019-01-08,214,68.33671151088986
2019-01-08,215,72.53059888546954
2019-01-08,216,67.50031976089063
2019-01-08,217,71.16399296242601
2019-01-08,218,69.28848528261545
2019-01-08,219,70.73800336216293
2019-01-08,220,64.0372713874584
2019-01-08,221,46.37581600752397
2019-01-08,222,44.17590139012069
2019-01-08,223,41.3147423612673
2019-01-08,224,39.57390213114754
2019-01-08,225,32.01713104891938
2019-01-08,226,34.049481698218244
2019-01-08,227,38.24336907279774
2019-01-08,228,33.213089948218936
2019-01-08,229,35.8625531827498
2019-01-08,230,36.945812784287526
2019-01-08,231,28.11347989495621
2019-01-08,232,33.22200862365913
2019-01-08,233,44.40258501941472
2019-01-08,234,42.31355481430415
2019-01-08,235,41.63132237715383
2019-01-08,236,34.074551294925705
2019-01-08,237,36.10690194422457
2019-01-08,238,40.300789318804156
2019-01-08,239,35.27051019422527
2019-01-08,240,37.9199734287561
2019-01-08,241,39.00323303029311
2019-01-08,242,30.1709001409624
2019-01-08,243,35.27942886966554
2019-01-08,244,32.104479445242426
2019-01-08,245,34.97875027264078
2019-01-08,246,27.42197919041272
2019-01-08,247,29.45432983971152
2019-01-08,248,33.64821721429106
2019-01-08,249,28.617938089712176
2019-01-08,250,31.612704960553938
2019-01-08,251,30.020573341181276
2019-01-08,252,27.732188454042
2019-01-08,253,27.897293633122263
2019-01-08,254,38.13707120142997
2019-01-08,255,30.580300119201937
2019-01-08,256,32.61265076850075
2019-01-08,257,36.80653814308027
2019-01-08,258,31.776259018501385
2019-01-08,259,35.083167031196204
2019-01-08,260,33.49103541182336
2019-01-08,261,31.202650524684206
2019-01-08,262,31.367755703764356
2019-01-08,263,36.12228740645791
2019-01-08,264,37.98238376904805
2019-01-08,265,40.27393223100838
2019-01-08,266,35.24365310642954
2019-01-08,267,38.550789216815915
2019-01-08,268,37.315205267286416
2019-01-08,269,35.026820380147235
2019-01-08,270,35.19192555922738
2019-01-08,271,39.08480785295483
2019-01-08,272,42.64709617626901
2019-01-08,273,37.61681705169011
2019-01-08,274,38.664935106269006
2019-01-08,275,37.07280348689613
2019-01-08,276,34.78441859975697
2019-01-08,277,34.949523778837104
2019-01-08,278,39.54948024538033
2019-01-08,279,34.519201120801405
2019-01-08,280,35.567319175380284
2019-01-08,281,33.97518755600742
2019-01-08,282,31.686802668868257
2019-01-08,283,31.851907847948397
2019-01-08,284,36.34880801059345
2019-01-08,285,47.25647565988392
2019-01-08,286,42.75845519274655
2019-01-08,287,44.96389449554118
2019-01-08,288,38.319090987057294
2019-01-08,289,46.789012687439005
2019-01-08,290,46.06897884189976
2019-01-08,291,43.780593954760604
2019-01-08,292,43.945699133840726
2019-01-08,293,33.75586002010553
2019-01-08,294,40.19171752061476
2019-01-08,295,33.02847869125707
2019-01-08,296,40.856367074541154
2019-01-08,297,38.540465905189016
2019-01-08,298,55.38819057181848
2019-01-09,0,66.13118691701806
2019-01-09,1,85.5697512301312
2019-01-09,2,74.81764498321022
2019-01-09,3,79.06382559028626
2019-01-09,4,71.27025135476467
2019-01-09,5,66.18483317213234
2019-01-09,6,63.5557779745835
2019-01-09,7,79.35786990173858
2019-01-09,8,25.177264592968477
2019-01-09,9,35.5333811606417
2019-01-09,10,37.08527886393757
2019-01-09,11,39.265292182003
2019-01-09,12,37.219126055522736
2019-01-09,13,36.74664997230075
2019-01-09,14,30.358543780487533
2019-01-09,15,27.08970489750542
2019-01-09,16,39.84950726418135
2019-01-09,17,15.312757402073382
2019-01-09,18,20.11545283652989
2019-01-09,19,34.10258485788424
2019-01-09,20,34.41590663235036
2019-01-09,21,46.77801675442938
2019-01-09,22,52.90587688649766
2019-01-09,23,49.83180156269664
2019-01-09,24,64.31135905225426
2019-01-09,25,55.20723309719137
2019-01-09,26,57.327468186370176
2019-01-09,27,61.02894886913465
2019-01-09,28,69.04690326277631
2019-01-09,29,62.84235501465569
2019-01-09,30,70.4988091774594
2019-01-09,31,66.52764858632588
2019-01-09,32,67.62645338423422
2019-01-09,33,68.07352945572717
2019-01-09,34,91.62655768226008
2019-01-09,35,89.30237196724543
2019-01-09,36,66.80972491997795
2019-01-09,37,85.28370279722762
2019-01-09,38,79.49831771723076
2019-01-09,39,81.29111840709682
2019-01-09,40,83.22324207983074
2019-01-09,41,75.27346215303176
2019-01-09,42,77.72471123173105
2019-01-09,43,75.24435521479536
2019-01-09,44,73.84781555648685
2019-01-09,45,72.98069216085885
2019-01-09,46,77.4149651758006
2019-01-09,47,74.64579741030434
2019-01-09,48,76.76603249948332
2019-01-09,49,80.4675131822475
2019-01-09,50,88.4854675758894
2019-01-09,51,82.2809193277688
2019-01-09,52,89.93737349057253
2019-01-09,53,85.96621289943901
2019-01-09,54,87.06501769734733
2019-01-09,55,87.5120937688403
2019-01-09,56,111.0651219953732
2019-01-09,57,108.74093628035855
2019-01-09,58,86.2482892330911
2019-01-09,59,104.72226711034074
2019-01-09,60,98.93688203034391
2019-01-09,61,100.72968272020994
2019-01-09,62,102.66180639294386
2019-01-09,63,94.7120264661449
2019-01-09,64,97.16327554484424
2019-01-09,65,94.68291952790848
2019-01-09,66,93.28637986960003
2019-01-09,67,92.41925647397197
2019-01-09,68,63.893691163383394
2019-01-09,69,66.01392625256236
2019-01-09,70,69.71540693532668
2019-01-09,71,77.73336132896834
2019-01-09,72,71.52881308084781
2019-01-09,73,79.18526724365151
2019-01-09,74,75.21410665251803
2019-01-09,75,76.31291145042636
2019-01-09,76,76.75998752191931
2019-01-09,77,100.31301574845223
2019-01-09,78,97.9888300334376
2019-01-09,79,75.49618298617013
2019-01-09,80,93.97016086341978
2019-01-09,81,88.18477578342294
2019-01-09,82,89.97757647328889
2019-01-09,83,91.9097001460229
2019-01-09,84,83.9599202192238
2019-01-09,85,86.41116929792321
2019-01-09,86,83.9308132809875
2019-01-09,87,82.53427362267901
2019-01-09,88,81.66715022705104
2019-01-09,89,70.26010685963837
2019-01-09,90,73.96158754240258
2019-01-09,91,81.9795419360444
2019-01-09,92,75.77499368792382
2019-01-09,93,83.43144785072772
2019-01-09,94,79.46028725959421
2019-01-09,95,80.55909205750253
2019-01-09,96,81.00616812899555
2019-01-09,97,104.55919635552846
2019-01-09,98,102.2350106405138
2019-01-09,99,79.74236359324632
2019-01-09,100,98.21634147049593
2019-01-09,101,92.4309563904991
2019-01-09,102,94.22375708036519
2019-01-09,103,96.15588075309911
2019-01-09,104,88.20610082630004
2019-01-09,105,90.6573499049994
2019-01-09,106,88.17699388806354
2019-01-09,107,86.78045422975505
2019-01-09,108,85.91333083412702
2019-01-09,109,66.16801330688128
2019-01-09,110,74.18596770052287
2019-01-09,111,67.98141945240229
2019-01-09,112,75.63787361520599
2019-01-09,113,71.6667130240725
2019-01-09,114,72.76551782198081
2019-01-09,115,73.21259389347377
2019-01-09,116,96.7656221200067
2019-01-09,117,94.44143640499202
2019-01-09,118,71.94878935772456
2019-01-09,119,90.4227672349742
2019-01-09,120,84.6373821549774
2019-01-09,121,86.43018284484343
2019-01-09,122,88.36230651757732
2019-01-09,123,80.41252659077834
2019-01-09,124,82.86377566947763
2019-01-09,125,80.38341965254192
2019-01-09,126,78.98687999423346
2019-01-09,127,78.11975659860546
2019-01-09,128,69.10054951789039
2019-01-09,129,62.89600126976957
2019-01-09,130,70.55245543257337
2019-01-09,131,66.58129484144004
2019-01-09,132,67.68009963934838
2019-01-09,133,68.12717571084133
2019-01-09,134,91.68020393737424
2019-01-09,135,89.3560182223596
2019-01-09,136,66.86337117509213
2019-01-09,137,85.33734905234178
2019-01-09,138,79.55196397234486
2019-01-09,139,81.344764662211
2019-01-09,140,83.2768883349449
2019-01-09,141,75.32710840814595
2019-01-09,142,77.77835748684524
2019-01-09,143,75.29800146990966
2019-01-09,144,73.90146181160115
2019-01-09,145,73.03433841597321
2019-01-09,146,60.26694607222071
2019-01-09,147,67.92340023502464
2019-01-09,148,63.95223964389128
2019-01-09,149,65.05104444179963
2019-01-09,150,65.49812051329255
2019-01-09,151,89.0511487398255
2019-01-09,152,86.72696302481086
2019-01-09,153,64.23431597754339
2019-01-09,154,82.70829385479303
2019-01-09,155,76.92290877479623
2019-01-09,156,78.71570946466225
2019-01-09,157,80.64783313739618
2019-01-09,158,72.69805321059717
2019-01-09,159,75.14930228929646
2019-01-09,160,72.66894627236078
2019-01-09,161,71.2724066140523
2019-01-09,162,70.40528321842429
2019-01-09,163,83.72549216218002
2019-01-09,164,79.75433157104668
2019-01-09,165,80.85313636895502
2019-01-09,166,81.30021244044804
2019-01-09,167,104.85324066698094
2019-01-09,168,102.52905495196629
2019-01-09,169,80.03640790469879
2019-01-09,170,98.51038578194843
2019-01-09,171,92.72500070195164
2019-01-09,172,94.51780139181766
2019-01-09,173,96.44992506455158
2019-01-09,174,88.50014513775251
2019-01-09,175,90.95139421645187
2019-01-09,176,88.47103819951589
2019-01-09,177,87.0744985412074
2019-01-09,178,86.2073751455794
2019-01-09,179,25.57372626227614
2019-01-09,180,26.672531060184554
2019-01-09,181,27.119607131677476
2019-01-09,182,50.67263535821044
2019-01-09,183,48.348449643195764
2019-01-09,184,25.85580259592828
2019-01-09,185,44.32978047317792
2019-01-09,186,38.544395393181
2019-01-09,187,40.337196083047196
2019-01-09,188,42.26931975578107
2019-01-09,189,34.319539828982066
2019-01-09,190,36.77078890768137
2019-01-09,191,34.29043289074577
2019-01-09,192,32.8938932324373
2019-01-09,193,32.02676983680937
2019-01-09,194,54.04648203924426
2019-01-09,195,44.12976409463301
2019-01-09,196,73.47550799702975
2019-01-09,197,69.79773188356926
2019-01-09,198,44.54122006420691
2019-01-09,199,72.47039177226699
2019-01-09,200,48.900511960855255
2019-01-09,201,50.69331265072048
2019-01-09,202,52.62543632345437
2019-01-09,203,44.67565639665548
2019-01-09,204,47.12690547535467
2019-01-09,205,44.64654945841906
2019-01-09,206,43.25000980011061
2019-01-09,207,43.82824401434466
2019-01-09,208,45.681661797928875
2019-01-09,209,75.02740570032567
2019-01-09,210,71.34962958686515
2019-01-09,211,46.09311776750279
2019-01-09,212,74.02228947556287
2019-01-09,213,50.452409664151105
2019-01-09,214,52.24521035401637
2019-01-09,215,54.17733402675023
2019-01-09,216,46.22755409995129
2019-01-09,217,48.67880317865055
2019-01-09,218,46.19844716171494
2019-01-09,219,44.80190750340649
2019-01-09,220,45.38014171764053
2019-01-09,221,56.78432133442514
2019-01-09,222,54.56947293323278
2019-01-09,223,53.31435399625209
2019-01-09,224,63.281758203881346
2019-01-09,225,54.98128407934394
2019-01-09,226,54.221381510527735
2019-01-09,227,56.1535051832616
2019-01-09,228,48.20372525646265
2019-01-09,229,50.65497433516192
2019-01-09,230,48.17461831822627
2019-01-09,231,46.77807865991783
2019-01-09,232,48.51555513887351
2019-01-09,233,51.66610569642071
2019-01-09,234,51.26818786977186
2019-01-09,235,61.86899752358638
2019-01-09,236,52.93511795286371
2019-01-09,237,52.175215384047505
2019-01-09,238,54.10733905678137
2019-01-09,239,46.15755912998242
2019-01-09,240,48.60880820868167
2019-01-09,241,46.12845219174605
2019-01-09,242,44.7319125334376
2019-01-09,243,47.02903418328049
2019-01-09,244,50.7957117865492
2019-01-09,245,65.70784257347746
2019-01-09,246,52.46264186964114
2019-01-09,247,51.7027393008249
2019-01-09,248,53.63486297355876
2019-01-09,249,45.6850830467598
2019-01-09,250,48.13633212545907
2019-01-09,251,45.65597610852347
2019-01-09,252,44.259436450215
2019-01-09,253,45.54647762606604
2019-01-09,254,57.16067341300079
2019-01-09,255,46.074535677828536
2019-01-09,256,45.314633109012306
2019-01-09,257,47.24675678174619
2019-01-09,258,39.29697685494722
2019-01-09,259,41.74822593364649
2019-01-09,260,39.267869916710886
2019-01-09,261,37.871330258402416
2019-01-09,262,39.75968269983166
2019-01-09,263,42.80569679484584
2019-01-09,264,42.045794226029585
2019-01-09,265,43.97791789876347
2019-01-09,266,36.0281379719645
2019-01-09,267,38.4793870506637
2019-01-09,268,35.99903103372815
2019-01-09,269,34.602491375419696
2019-01-09,270,35.8895325512707
2019-01-09,271,55.009438754260295
2019-01-09,272,56.9415624269942
2019-01-09,273,48.99178250019521
2019-01-09,274,51.443031578894434
2019-01-09,275,48.96267556195873
2019-01-09,276,47.5661359036503
2019-01-09,277,48.144370117884414
2019-01-09,278,32.200970403331446
2019-01-09,279,24.251190476532454
2019-01-09,280,26.702439555231717
2019-01-09,281,24.22208353829611
2019-01-09,282,22.82554387998767
2019-01-09,283,22.855253523876378
2019-01-09,284,29.369803431513642
2019-01-09,285,31.821052510212862
2019-01-09,286,26.60956543826209
2019-01-09,287,30.012878472787552
2019-01-09,288,29.067267345547005
2019-01-09,289,46.43279880851468
2019-01-09,290,45.19911284598511
2019-01-09,291,45.21859482283875
2019-01-09,292,43.20206416962044
2019-01-09,293,39.72009623721257
2019-01-09,294,43.925600891297606
2019-01-09,295,43.4901248777769
2019-01-09,296,54.152494078114394
2019-01-09,297,54.59136926036589
2019-01-09,298,57.67201252271059
